Company,Type,Address Line 1,City,State,Zip,Phone,Email,Contact Name,CRM Stage,Standard Labor Rate,Warranty Labor Rate,Website,High Priority,Notes
55 Auto Works,REPAIR SHOP,150 Premier Dr,Holly Springs,NC,27540,(919) 285-2106,derek@premierautobody.us,Derek Fox,Contacted,,,,,1/27 SA took my info to pass along to owner Derek; co-owns Premier Auto Body in the same buisness complex
A-Tech Auto Repair,REPAIR SHOP,1550 N Clark St,Fresno,CA,93703,(559) 527-4006,atechauto6@gmail.com,Williy,Contacted,,,,,10/6 Willy wasn't in SA asked for info email. 10/28 Willy is out of town until 11/10
A & E Automotive,REPAIR SHOP,300 Pine Ave Ste. B,Goleta,CA,93117,(805) 964-8276,aeautomotive.service@gmail.com,Dannon and Sanford,Contacted,,,,,"11/14 Edgar, was interested asked me to email owners info, follow up next week"
A & J Automotive,REPAIR SHOP,5001 Departure Dr,Raleigh,NC,27616,(919) 230-0933,,,Contacted,,,,,12/15 LVM
A&R Auto Repair and EV Services Inc,REPAIR SHOP,6967 NC-904,Fairmont,NC,28340,(910) 856-1156,,,Lead,,,,,"12/17 phone didn't ring, CB tomorrow. 1/12  call can't be completed."
A-1 Auto Bdoy,REPAIR SHOP,2533 Rocky Cross Rd,Middlesex,NC,27557,(919) 404-0908,,,Contacted,,,,,1/27 LVM
A1 Auto Center Corp,REPAIR SHOP,,,,,,,,Lead,,,,,
AAA Hybrid Battery Repair San Diego,SPECIALIST,2922 Bancroft Dr,Spring Valley,CA,91977,(619) 481-4400,aaasdauto@yahoo.com,Chris,Contacted,,,,Yes,5/9 Chris (owner) was intrested sent info; 6/16 resending info Chris hasn't reviewed
AAMCO Transmissions & Total Car Care Charlotte,REPAIR SHOP,10120 Albemarle Rd,Charlotte,NC,28227,(704) 327-3190,,,Contacted,,,,,12/15 LVM
AAMCO Transmissions & Total Car Care Hialeah,REPAIR SHOP,420 W 29th St,Hialeah,FL,33012,(305) 755-4784,aamcohialeah@gmail.com,Roger,In Review,165,,,,"12/16 Roger, (owner operator/master tech) asked for more info to look over was working on a car when i called."
AAMCO Transmissions & Total Car Care Miami,REPAIR SHOP,7247 SW 40th St,Miami,FL,33155,(786) 401-4896,miamiaamco@gmail.com,Pedro,Contacted,155,,,,"12/16 Pedro owner will be back in Jan 2026, follow up then"
AAMCO Transmission & Total Car Care Oakland,REPAIR SHOP,3050 Brook St,Oakland,CA,94611,(510) 826-5438,,,Contacted,,,,,"2/4 shop owner was interested but busy, will call back"
AAMCO Transmission & Total Car Care Wichita,REPAIR SHOP,703 N West St,Wichita,KS,67203,(316) 413-8231,,,Contacted,,,,,"12/26 advisor took my name & # down, will have owner call me back"
AAMCO Transmission & Total Car Care Wichita East,REPAIR SHOP,"901 S Woodlawn Blvd, Fabrique",Wichita,KS,67218,(316) 613-0978,,,Contacted,,,,,12/26 LVM
ABBY Car Care,REPAIR SHOP,7253 N Abby St,Pinedale,CA,93650,(559) 438-7181,abbycarcare@gmail.com,Mike,Contacted,,,,,"10/28 Mike wasn't in advisor took my info down, sent info email too."
Able Auto And Truck Repair LLC,REPAIR SHOP,2459 Fruitvale Ave Suite 1,Bakersfield,CA,93308,(661) 637-0669,contact@ableautotech.com,Dan,Contacted,196.55,,,,11/4 Dan wasn't in Katie asked for an email to have Dan look over
AC Auto,REPAIR SHOP,2425 W Clemmonsville Rd,Winston-Salem,NC,27127,(336) 717-4808,adam@acauto.net,Adam,Contacted,,,,,4/8 Zoey asked me to email Adam.
Accu Auto Service,REPAIR SHOP,23253 Madero,Mission Viejo,,,(949) 859-9637,accuautoland@gmail.com,Mike - Trong,Contacted,,,,Yes,5/9 sent info; 6/16 Mikes been busy asked for info again will CB; 8/15 Mikes busy set up a call for 8/19 between 9-11; 8/19  Mike asked me to speak w/ Trong when he's back from vacation 9/2 - CB9/3.. 10/6 Mike asked for a CB 10/7 when Truong is in. 11/24 Trong will be in 11/26 10:30am
Accurate Automotive Services,REPAIR SHOP,105 Jensen Ct,Thousand Oaks,CA,91360,(805) 496-3039,accurateautomotive@verizon.net,Miguel; Irma,Contacted,185,,,,"11/18 Miguel took my # down & will giive it to Irma and ask her to call me back, also sent info via email."
"ACE HYBRID TECHNOLOGY, INC.",REPAIR SHOP,7552 Acacia Avenue,Garden Grove,CA,92841,(714) 451-9521,mohsennourmahnad@gmail.com,Mohsen,In Review,,,,Yes,"5/2 intrested in tesla partnership, ; 5/5 Mo will reach back out today;; 5/14 Mo wasn't in took info will CB; 5/16 Mo not in has my CB info; 5/16 missed Mo's CB try calling at 3 pm; 5/19 f/u email; 5/22 asked for a CB after 3pm; 6/10 LVM asking for a CB; 6/16 will have Mo CB by tomorrow."
Adams AutoWorx Albany Auto Service,REPAIR SHOP,730 San Pablo Ave,Albany,CA,94706,(510) 527-2443,,Ian - GM,Contacted,,,,,2/3 Ronnie suggested i call Castro Valley and speak w/ Ian the GM
Ada AutoWorx Castro Valley,REPAIR SHOP,20679 Park Way,Castro Valley,CA,94546,(810) 886-9299,aliciia@adamsautoworx.com,Ian - GM,Contacted,225,,,,"2/3 Alicia, took my info to have MGMT team call me. i sent our info email to piggyback on her msg."
ADAS Calibrations of Ventura County,SPECIALIST,3037 Golf Course Dr STE 4,Ventura,CA,93003,(805) 201-8511,juarez02270@gmail.com,Jaime Juarez,Contacted,265,200 - ,,,"8/13 has an OEM partnership w/ Rivian, only downside is they dont have a lift yet to drop battery packs, drive units ect.   they are trying to open a 2nd shop in Simi valley, with a lift. 8/21 Jaime is very interested called me w/ questions his partner raised,  - they are looking to expand quickly adding 2nd location in simi & 3rd location in santa clarita both locations w/ lifts, trying to use VF as the program that pays the bills while they get off the ground."
Affinity Automotive Service,REPAIR SHOP,2606 W Pawnee St,Wichita,KS,67213,(316) 425-8684,serviceteam@affinityautomotiveservices.com,,Contacted,,,,,12/8 LVM for Summer -CEO; Mark - COO; 1/9 sent info email
Agapito's Automotive Repair,REPAIR SHOP,8520 US-17 BYP,Vanceboro,NC,28586,(252) 672-2096,ben.agapitos8520@gmail.com,Ben,Contacted,190,155,,,"12/16 service advisor provided MGR's email, they sold a few VF cars, and were looking to become a dealer but VF never followed up. advisor was interested in learning more about RW X VF partnership.. shop has a big lot with a lot of room."
Argonaut Garage,REPAIR SHOP,1485 San Pablo Ave,Berkeley,CA,94702,(510) 800-6085,,,Contacted,,,,,10/23 LVM
Airport Auto Tech,REPAIR SHOP,2368 N Oxnard Blvd #1,Oxnard,CA,93036,(805) 983-0800,oxnardautotech@gmail.com,Frankie,Contacted,200,,,,11/26 Frankie-owner will be back on 12/2 call back
AL'S Auto Clinic,REPAIR SHOP,6615 N Blackstone Ave #111,Fresno,CA,93710,(559) 440-0490,sakha_a@yahoo.com,Al -owner| Karen -mgr,Contacted,,,,,9/25 Karen asked for more info to discuss w/ Al; 10/24 AL might be selling shop
"Alexanders Automotive, INC",REPAIR SHOP,145 North Hillside Street,Wichita,KS,67214,(316) 838-7039,alexanderautomotiveinc@mechanicnet.com,,Lead,,,,,"12/9 LVM, asking for CB"
All Car Specialists,REPAIR SHOP,330 S Del Mar Ave,San Gabriel,,,(626) 285-2205,allcarexpert@gmail.com,Paul Brow - Owner,Contacted,,,,Yes,"4/18 resent info.  4/23 Paul will look over and reach out if interested; 5/2 LM will call back; 5/5 Paul will callback; 5/14 Paul was busy. 5/16 paul & ron busy, 5/22 LM w/ Sara to have paul or ron CB; 6/16 Paul was busy Ron asked for info to be resent; 8/22 – Paul is out. Ron will share my info with him and have Paul reach out to me. 10/24  took my name & # down will ask Paul to call me back."
Allrite Import Service,REPAIR SHOP,,,,,,,,Lead,,,,,
Allspecs Automotive and EV,REPAIR SHOP,,,,,,,,Lead,,,,,
Alvelo's Electric & Auto Repairs,REPAIR SHOP,7743 Stratford Blvd,Orlando,FL,32807,(407) 692-0931,jalvelo18@gmail.com,Jose Alvelo,In Review,125-220,150,,,"1/6 Jose's interested in partnership, does electrical & automotive repairs.  auto repair rate rage's from 125-220, sending out contract for 150.00"
AMJ Auto Repair,REPAIR SHOP,4236 Eagle Rock Blvd,Highland Park,,,(323) 254-4784,seropm@yahoo.com,sam,Contacted,,,,Yes,4/18 - Sam asked for info email resent email 4/21; 5/5 resent email.; 5/14 looking over info will CB; 5/19 sent  f/u email; 6/16 Sam was busy will CB ; 10/24 gas station shop
Andover Auto Body,BODYSHOP,115 W Cloud Ave,Andover,KS,67002,(316) 925-5145,Jeff@AndoverAutoBody.com,Jeff,Lead,,,,,"12/29 asked for info, not a VF collision shop"
Apex Auto Center,REPAIR SHOP,2711 El Camino Ave Suite 101,Sacramento,CA,95821,(916) 883-8836,apexautocenter1@gmail.com,collin manny,Contacted,,,,,10/9 Collin requested additional info via email to discuss w/ Manny
Apex Tire & Auto,REPAIR SHOP,12951 Trade Center Dr,Bonita Springs,FL,34135,(239) 390-1552,,,Contacted,,,,,1/15 LVM
Aram's Auto Repair Center,REPAIR SHOP,6333 N Blackstone Ave,Fresno,CA,93710,(559) 436-8436,service@aramsauto.com,Billy,Contacted,215,,,,10/21 sent email; 10/24 left msg asking Billy to call me back
Armstrong Auto Care,REPAIR SHOP,20307 Biscayne Blvd,Aventura,FL,33180,(305) 614-9318,aventura@armstronautocare.com,Manny - owner; Carlos - SA,Contacted,,,,,1/14 Carlos asked me to email info so owner could review.
Asian Auto Tech of Ventura,,1200 Callens Rd,Ventura,,93003,(805) 628-7858,jessica@venturaautotech.com;  rita@lbmautomotive.com,rita,Contacted,,,https://venturaautotech.com/,,"6/9 jessica asked me to email infor, will pass along to owner Rita;     6/16 talked w/ Rita sent email directly to her, will review and CB; 8/22  LVM on Ritas VM"
Assurance Tire & Service,REPAIR SHOP,8681 Marvino Ln,Raleigh,NC,27617,(919) 268-4300,,,Lead,,,,,
Auto Beauty Center,REPAIR SHOP,3020 S Jackson Dr Building B,Independence,MO,64057,(816) 252-1978,,"Dillon - Mechanical MGR, Kerry - Body MGR",Lead,,,,,12/29 interested in partnership Dillon is leaving on Vacation til 1/12... follow up then
Auto Performance Center Collision LLC,BODYSHOP,922 US-70 Unit B,Garner,NC,27529,(919) 772-2009,apc922@gmail.com,"Mark, Steve Ward",Contacted,148,,,,"1/26 LVM, body shop, and mechanical repairs under one roof.  1/27 Mark asked me to email owner,"
Autobahn Auto Center,REPAIR SHOP,2540 NW Boca Raton Blvd,Boca Raton,FL,33431,(561) 821-3501,Autobahnofboca@gmail.com,Pablo,Contacted,,,,,1/14 too busy right now to take on a new partnership. sent info
AutoBody Spa,REPAIR SHOP,375 Vermont St,San Francisco,CA,94103,(415) 252-7790,autobodyspa@gmail.com,,Lead,,,,,"2/9 took my info down, will have owner call me back.. shop might be changing ownership soon."
AutoDoctors,REPAIR SHOP,11826 W 112th St,Overland Park,KS,66210,(913) 538-0322,info@autodoctorsks.com,Jeff & Julie,Contacted,,,,,"12/12 Jeff & Julie own 3 locations,  Josh service advisor provided owners email to discuss with them."
AutoDoctors,REPAIR SHOP,1500 E Santa Fe St.,Gardner,KS,66030,(913) 386-8889,,,Contacted,,,,,
AutoDoctors,REPAIR SHOP,534 Gateway Dr,Lawrence,KS,66049,(785) 333-4799,,,Contacted,,,,,
Auto Body 911,REPAIR SHOP,2734 S Wilmington St,Raleigh,NC,27603,(919) 400-0911,autobody911@gmail.com,Thomas hobbs-pwmer. Robert-SA,Contacted,105,,,,"1/20 Robert, asked for info email to pass along to Thomas, waiting on a call back from owner."
Auto Care Experts,REPAIR SHOP,23662 Via Fabricante A,Mission Viejo,CA,92691,(949) 588-9813,serge@autocareexperts.com,Serge,Contacted,158,,,,"2/13 Advisor Alex gave me MGR's email & took my # and will Ask MGR Serge to call me back,"
Auto Electric Repair,REPAIR SHOP,1334 N Melrose Dr suite e,Vista,CA,92083,(760) 631-2684,,,Contacted,,,,,"4/14 sent info, Eric busy; 4/16 thought $2k annual fee, clarified rev-share
Customer walked in, will call back (seems flaky)"
Automotive Solutions and Services LLC,REPAIR SHOP,,Boca Raton,,,(561) 716-6069,automotivesolutionsandservices@gmail.com,Raymond Yuan,In Review,199,199,,,"1/12 mobile service, works on EV (alot of Fiskers) doing software updates, 12V batteries, rework. no lift in his garage so wont be able to do EDS, HV Batteries."
"Auto House of Clovis, Inc",REPAIR SHOP,2862 Larkin Ave #1,Clovis,CA,93612,(559) 292-2028,autohouseofclovis@gmail.com,Darryl,Contacted,,,,,10/21 LVM; shop called back explained our programe asked for email
Auto Repair Specialist,REPAIR SHOP,533 N Sunnyside Ave,Fresno,CA,93727,(559) 251-6300,,,Contacted,,,,,"10/28 no mgr or owner avalable advisor took my name & # down, will ask  mgr/owner to call me back"
Auto Repair Shop La Palma,REPAIR SHOP,3116 West Lincoln Ave,Anaheim,,92801,(714) 758-1475,,,Contacted,,,https://bobbygrichautorepair.com/,,8/29 LVM.
Auto Tech Specialist Service Center,REPAIR SHOP,7950 Clairemont Mesa Blvd,San Diego,CA,92111,(858) 221-6717,ats.sagservice@gmail.com,nathan,Contacted,,,https://www.bonitapoint76.com/,,"5/9 sent info, owner was busy will CB; 6/16 Left MGS w/ SA. 8/29 LM with reception & sent an email."
Auto-Tek,REPAIR SHOP,101 S Concord St,Minneapolis,KS,67467,(785) 392-6400,,,Lead,,,,,
AutoTek Automotive Service & Repair,REPAIR SHOP,300 Circle Lane.,Raleigh,NC,27603,(919) 661-7070,service@autotek.biz; brian@autotek.biz,Bret - SA;  Brian - owner,Contacted,182.49,,,,1/12 taked w/ Bret SA at shop thought Brian would be interested in this partnership asked me to email info so owner can review
Autotek Inc,REPAIR SHOP,8633 Antelope North Rd,Antelope,,95843,(916) 723-7664,916smog@gmail.com,Rachel,Contacted,,,,,"5/30 Rachel asked for info; 6/16 LMSG 8/21  took info down, will have Rachel CB; 10/8  needs lifts to drop batteries."
Autolink Repair Services,REPAIR SHOP,11362 Westminster Ave,Garden Grove,,,(714) 584-5665,members@autolinkrepair.com,William,Contacted,,,,Yes,"5/2 william was busy, shop will have him call me back; 5/14 owner will reach out if interested.  6/16  SA will have Will CB. 8/21 SA took # will have William CB; 8/29 sent a follow up email."
Autologic of Greensboro,REPAIR SHOP,1114 Grecade St Greensboro,,NC,27408,(336) 510-7823,service@autologicgso.com ;  Billing@autologicgso.com,,Contacted,,,,,3/30 sent email to service; 3/31 shop suggested I send to the billing email
Automotive Clinic,REPAIR SHOP,2035 Divisadero St,San Francisco,,94115,(415) 563-2915,larry@autoclinicsf.comm,Larry - SA,Contacted,,,,Yes,"6/6 SA asked me to try back next week, owners ;  6/16 Larry seems interested, asked for more info. 8/21 Larry asked for info on which shops are partnering w/ us ; 8/22 sent email with our website links."
Automotive Excellence,REPAIR SHOP,35 Executive Ave Ste 3,Rohnert Park,CA,94928,(707) 584-8700,service@yourautoexcellence.com,Dave,Contacted,,,,,8/22 they've worked on toyota EV's; shop asked for more info to discuss w/ owner. 8/29 LM w/ Darlean
Automotive Pros Inc,REPAIR SHOP,5719 W Barstow Ave,Fresno,CA,93722,(559) 930-0435,,,Contacted,,,,,10/24 LVM
Aventura Auto Specialist,REPAIR SHOP,19130 W Dixie Hwy,Aventura,FL,33180,(305) 705-4280,aventuraautocare@gmail.com,Philippe -owner,Contacted,,,,,"1/14 Philippe was with a customer asked for a CB in 20 min, sent info email."
AT Automotive,SPECIALIST,8561 Weyand Ave.,Sacramento,CA,95828,(916) 957-6884,ATAutomotive99@gmail.com,Albert,Contacted,,,,,"8/8 Albert was interested, but busy asked for more info."
Baseline Tire & Total Car Care,REPAIR SHOP,10950 US-441,Belleview,FL,34420,(352) 245-4100,customercare@baselinetire.com,David,Contacted,,,,,1/14 sent email
Bavarian Motor Repairs,REPAIR SHOP,8527 Walker Mill Rd,Capitol Heights,MD,20743,(240) 471-6828,Service@BavarianMotorRepairs.com,DaveUnlock New EV Repair Opportunities,Contacted,140 - 209 Labor Rate range,,,,"4/7 left VM for owner, sent email to shop aswell; Dave called back will review info and call me back. 4/10 Dave will hold off for now."
Beamer Tire & Auto Repair,REPAIR SHOP,4430 W Wendover Ave,Greensboro,NC,27407,(336) 663-7351,doug@beamertire.com,,Contacted,,,,,"4/1 sent info email to owner,"
Begley Auto Repair,REPAIR SHOP,"3401 Manatee Ave W Bradenton, 34205",Bradenton,,34205,(941) 748-3297,,Jason - GM,Contacted,,,,,1/16 advisor asked me to call back speak with Jason the GM
Belleair Auto Care,REPAIR SHOP,795 Indian Rocks Rd N,Belleair Bluffs,FL,33770,(727) 648-4982,tom.eisele@yahoo.com,Tom,Contacted,160-189,,,,"1/14 advisor to info down to talke w/ MGMT & Owners, also sent email."
BelYer Hybrid,REPAIR SHOP,10427 Bailey Rd A,Cornelius,NC,28031,(980) 737-7779,sales@belyer.com,anthony,Contacted,,,,,12/23 LVM; got a CB advisor suggested i send an email  to the salse team he would frwd it to MGR.
Bennett Automotive,REPAIR SHOP,67 Taylor Ct,Thousand Oaks,CA,91360,(805) 496-8886,office@bennettauto.net,Matt,Contacted,184-210,,,,11/18 Matt was OOO advisor took my info down & asked me to email Matt.
Best Deal Hybrid,REPAIR SHOP,2020 E Hammond Ave,Fresno,CA,93703,(559) 355-9998,,,Contacted,,,,,10/30 advisor took my # will have MGR call me back; 11/4 LVM; 4/13/26 LVM
BIG Q AUTO REPAIR,REPAIR SHOP,2501 E Pacific Coast Hwy,Signal Hill,CA,90755,(562) 343-5681,bigqsignalhill@gmail.com Rick's email- ricofilms@me.com,rick,Contacted,,,,Yes,"5/2 LVM W/ Rick, asking for a CB. 5/14 sent f/u email; 5/15 LVM;  6/16  sent txt to rick looking asking to set up sometime to chat."
Bill Hahn Automotive,REPAIR SHOP,3737 Transport st,Ventura,,93003,(805) 644-1037,josh@billhahnauto.com,Amber /Josh,Contacted,,,,,5/22 Amber asked for email info to josh; 6/16  took my # will have Josh CB
Bills Quality,REPAIR SHOP,2016 Donville Ave,Simi Valley,,,,info@billsqualityautocare.com,"Bill owner,  Adam",Contacted,,,https://cecilsautocare.com/,,5/21 Adam states they have replaced drive unit LR 230
Bimmex,REPAIR SHOP,25241 Bernwood Dr,Bonita Springs,FL,34135,(239) 949-4933,adomosaru@gmail.com,,Contacted,,,,,1/15 service advisor asked me to email info to review w/ owner
Bloom Auto Collision & Repair,REPAIR SHOP,2555 Lafayette St #115,Santa Clara,CA,95050,(408) 753-1327,bloomautos@gmail.com,salomon,Contacted,,,,,"8/19 Salomon was busy, asked for info."
Bonita Point Auto Care,REPAIR SHOP,1495 East H St,Chula Vista,,91910,(619) 421-7600,bonitapointautocare@gmail.com,Lori Hupp,Contacted,,,,Yes,5/14 not ready for teslas but interested in the future
Burbank Motorworks,REPAIR SHOP,2208 W Burbank Blvd,Burbank,,,(818) 848-1656,info@burbankmotorworks.com;   yp3ca@aol.co,,Contacted,,,,Yes,"5/2 info-email bounced back, was given a new email to try today."
Butler's Mechanics,REPAIR SHOP,7950 NC-50,Angier,NC,27501,(910) 984-4704,,,Lead,,,,,"12/23 no shop, looks like a trailer park"
Clovis Auto Shop,REPAIR SHOP,210 Clovis Ave,Clovis,CA,93612,(559) 323-4141,rc@clovisautoshop.com,Jonny Advisor ;  Raul onwer,Contacted,,,,,10/21 Jonny will give my # to Raul -owner; also sent email.
C&M Automotive & Transmission,REPAIR SHOP,4292 Valley Fair St,Simi Valley,,,(805) 522-1759,CandM.autoandtrans@gmail.com,Rudy,Contacted,,,,,"5/14 SA asked us to send info will have owner Rudy review, 5/19 F/U email, LM  Anthony."
California Auto House,REPAIR SHOP,7333 Roseville Rd #5,Sacramento,CA,95842,(916) 694-7512,californiaautohouse@gmail.com,Pete - owner,Contacted,150,,,,mikey SA asked for email to bring it to the owners att.
California Automotive Solutions,REPAIR SHOP,4035,Oceanside,CA,92056,(760) 726-2247,californiaautomotivesolutions@gmail.com,eduardo,Contacted,,,,,5/9 Eduardo is interestedsent info
California Coast Auto Repair,REPAIR SHOP,1425 Baker Street,Costa Mesa,,,(714) 435-0700,,,Contacted,,,,,4/23 advisor will pass along my # to owner
California Hybrid & EV,REPAIR SHOP,6050 Vineland Ave #7,North Hollywood,,,(818) 302-9005,singhauto00@gmail.com,Singh,Contacted,,,,Yes,"5/16 not ready right now, too busy but interested in our partnership"
Camarillo Car Care Center,REPAIR SHOP,2739 E Daily Dr,Camarillo,,93010,(805) 419-2743,service@camarillocarcare.com,Scott-SA; Patrick - Owner,Contacted,,,,,6/9 sent info. 8/20 LVM asking Patrick to CB
Camarillo Independent Automotive,REPAIR SHOP,1955 E Daily Dr Ste 105,Camarillo,CA,93010,(805) 987-8180,ryan@camarilloindy.com,Ryan,Contacted,169-200,,,,8/20 Ryan asked for more info to show the MGM-team / owners ; 10/22 service advisor took my info down to pass along to onwer
Carlsbad Auto Service,REPAIR SHOP,3181 Tyler St,Carlsbad,CA,92008,(760) 729-1155,jaime@carlsbadautoserviceinc.com,Jaime,Contacted,215,,,,"10/31 service advisor asked for # to have Jaime call me back, also sent an email"
CarMed Collision & Repair Inc,BODYSHOP,5635 Washington Blvd,Los Angeles,CA,90016,(323) 591-0197,charbel@automedcr.com,Charbel,Contacted,,,,,"8/29 sounded interested, didn't have too much time to chat, sent email w/ info;  9/18.. 9/26 Charbel  will review email and CB when ready."
CarNerds Santa Monica,REPAIR SHOP,,,,,,,Gio,Contacted,,,,,"4/10 Gio is interested, asked for contract, will send after Santa Monica's LR is provided."
CarNerds,REPAIR SHOP,713 Torrance Blvd,Redondo Beach,CA,90277,(310) 504-0103,ronyc20@gmail.com,Rony,Contacted,155,,,,"2/11 left msg with Liz, asking Rony to call me back, sent Rony an email too; 2/12 not in yet (11:14AM) try back later"
CarStore USA,REPAIR SHOP,9831 E Harry St,Wichita,KS,67207,(316) 202-5000,manuel@carstoreusa.com,Many - Service Mgr,Contacted,150,135,,,"12/18 Spoke with Manny, the Service Manager and only VF-trained tech. They canceled VF due to lack of support, parts delays, and slow warranty payouts, didn’t see it as profitable. I explained RepairWise and how we support partners by handling service advising, customer service, parts ordering, tech support, and warranty claims so shops can focus on wrenching and software updates. He wasn’t fully sold but agreed to review the info and discuss with ownership."
Carolina Auto Service,REPAIR SHOP,160 Hanes Mall Cir,Winston-Salem,NC,27103,(336) 765-8599,cmas@triad.rr.com;  casdryer@gmail.com,Nick,In Review,150,150,,,4/8 shop says they work on EV's. sent contract & info email.
Carolinas Collision Center,BODYSHOP,4900 Capital Blvd.,Raleigh,NC,27616,(919) 790-4690,,,Lead,,,,,
Carolinas Hybrid,REPAIR SHOP,234 E Cama St,Charlotte,NC,28217,(704) 900-5285,maryellen@thsotc.com,,Contacted,,,,,"12/23 sent email to Marry, owners are gone for the holidays."
Cartech Of Sacramento,REPAIR SHOP,10275 Old Placerville Rd Suite 1,Sacramento,CA,95827,(916) 363-2886,,,Contacted,,,,,10/9 left VM asking for a callback
Centerline Auto Repair,REPAIR SHOP,2260 Arden Way,Sacramento,CA,95825,(916) 777-2886,centerlinearden@gmail.com,Ramon,Contacted,200,,,,"10/9 VM box is full,  Ramon calledback asked for info to review  w/ owner"
Central Auto Repair & Electric,REPAIR SHOP,975 N West St,Wichita,KS,67203,(316) 205-0015,serviceteamcaewichita@gmail.com,,Contacted,140-195,,,,"12/8 not doing alot of EV repairs, asked for info to pass alogn to mgmt; 12/9 email bounced back resent to updated email address"
Central Florida Hybrid EV Auto,REPAIR SHOP,1109 W Church St,Orlando,FL,32805,(407) 988-4678,centralflhybrid@gmail.com,juan carlos;,Contacted,150,,,,1/6 JuanCarlos MGR is interested asked for info to be emaiiled so he could go over w/ owner
Certified Hybrid & EV,SPECIALIST,4001 Birch St,Newport Beach,CA,92660,(949) 295-1695,ali949us@gmail.com,John,Contacted,,,https://dhcarcare.com/,,5/12 has worked on teslas/ battery replacements;  11/6  asked for a call after 5pm
Champion Automotive Service Center,REPAIR SHOP,4410 W. Gate City Blvd,Greensboro,NC,27407,(336) 854-1133,atmac318@gmail.com,sherwood,Contacted,135,,,,"4/1 sent email to Sherwood (owner) wife will have him review , follow up in a few days"
Charlotte Auto Body and Repair,REPAIR SHOP,9222 Monroe Rd,Charlotte,NC,28270,(704) 443-7794,matthew@charlotteautobodyandrepair.com,Mathew Babel,Contacted,150,150,,,"1/23 Matthew is interested, asked for contract to look over."
Christian's Automotive And Tire,REPAIR SHOP,,,,,,,,Lead,,,,,
Christian Brothers Automotive E Wichita,REPAIR SHOP,1302 N Woodlawn Blvd,Wichita,KS,67208,(316) 366-0801,ks004@cbauto.net,Anthony,Contacted,,,,,"12/12  Anthony stated not ready yet, possibly for 2026"
Christian Brothers Automotive Shawnee,REPAIR SHOP,22240 Midland Dr,Shawnee,KS,66226,(913) 946-7726,scott.green@cbauto.net,Scott,Contacted,,,,,12/15 Service Advisor provided Scotts email to send info over so they can look over. no labor rate /menu pricing
Christian Brothers Automotive W Wichita,REPAIR SHOP,10080 West 29th St N,Wichita,KS,67205,(316) 334-2107,ks003@cbauto.net,James,Contacted,,,,,12/15 sent info so James can go over it with owner.
City Automotive Car Sales,REPAIR SHOP,4807 W. Gate City Blvd Greensboro NC 27407,,,27407,(336) 852-3188,cityautomotivenc@outlook.com,Jesuss,Contacted,110,,,,"4/1 Claudia took my info down, provided email for Jessus"
City EV Center,REPAIR SHOP,7527 W Oakland Park Blvd,Lauderhill,FL,33319,(954) 741-7701,contact@citycollisions.com,eugen,In Review,200,180,,,"12/30 interested in partnership, and VF sent info and contract; 1/13 LVM asking Eugen to call me back"
Classic Import Auto Service,REPAIR SHOP,134 Paisley St,Greensboro,NC,27401,(336) 430-0908,steven.classicimportautoservice@gmail.com,steven,Contacted,,,,,"4/1 advisor wasn't interested, but provided MGR's email to send info"
Clarke Automotive,REPAIR SHOP,131 Central Dr,Brandon,FL,33510,(813) 685-2939,bclarke@gte.net,,Contacted,,,,,1/15 sent info via email.
collision body specialists.,BODYSHOP,12301 Sherman Way,North Hollywood,,,(818) 742-6060,jim@santapaulacollision.com,,Contacted,,,,,"4/29 - Email bounced back, LM with service advisor Jim will call me backk"
CollisionWorks,BODYSHOP,500 E Anaheim St,Long Beach,CA,90813,(562) 432-5657,,James,Lead,,,,,
Commercial Tire Center,REPAIR SHOP,557 Jessie St,San Fernando,CA,91340,(818) 373-4915,casey@ctirecenter.com,Casey Binafard,In Review,165,165,,,"9/19 refferal by CarOTech,  LVM asking for CB; 9/25 LVM & sent text;   3 lift shop, 9000 sqf,  9000sqf parking lot,"
Complete Auto Shop,REPAIR SHOP,1212 Minnesota Ave Ste A,Kansas City,KS,66102,(913) 538-9700,tommy@completeautos.com,Tommy,Contacted,159,,,,"12/11 Tommy asked for info email, was busy with customers, didn't have time to go into details will follow up Fri or Next week"
Complete Car Care  (Fresno),REPAIR SHOP,5787 W Barstow Ave,Fresno,CA,93722,(559) 275-0157,complete_car_care@hotmail.com,Warren,Contacted,196,,,,"4/13 Raymon SA provided email, LR, and owners name"
Complete Car Care Encinitas,REPAIR SHOP,318A N El Camino Real,Encinitas,CA,92024,(760) 634-1000,completecarcare318@gmail.com,Andy Kaghaz,Contacted,239.99,200,,,"11/10 Lou took my info to pass along to Andy (owner) also gave me Andy's email to send him info; 11/10 Andy is very interested, they have a 16 bay shop with quality techs on staff, which is why their LR is higher then what we're use to."
Complete Performance,REPAIR SHOP,8999 Elk Grove Blvd,Elk Grove,,,(916) 685-4708,dbacompleteperformance@gmail.com,Ben,Contacted,,,,,"6/2 LR 175- basic EV services, looking to get into more; 6/6 Ben hasn't looked over ur info will look it over today or this weekend & he will reach out."
Concours Motors Auto Repairs,REPAIR SHOP,2237 E Thompson Blvd,Ventura,CA,93001,(805) 641-3701,sixto@concoursmotorsventura.com,patrick,Contacted,229.-251.,,,,"11/17 Sixto asked for info, will discus with Patrick.; 11/19email bounced back, 11/26 no change"
Conejo Valley Auto Center,REPAIR SHOP,2561 Teller Rd,Thousand Oaks,,91320,(805) 342-0606,,,Contacted,,,,,8/13 LVM
Convoy Auto Repair,REPAIR SHOP,3909 Convoy St,San Diego,CA,92111,(858) 217-4279,marketing@convoyautorepair.com,David,Contacted,,,https://eliteautomotiveservices.com/,Yes,5/9 Advisor asked for info owner wasn't in.
Cornerstone Automotive,REPAIR SHOP,3965 Mission Ave #7,Oceanside,,92058,(760) 230-9939,cornerstoneautomotive2019@gmail.com,Niko savsavoji,In Review,,,https://elkgrovebrake.com/,,"5/9 Niko was interested asked for info, sent contract too"
Corral's M & B Repair,REPAIR SHOP,22620 Goldencrest DR #126,Moreno Valley,,92553,(951) 653-7945,silvestercorral@yahoo.com,Silvestre Corral,Contacted,,,,,"5/9 Owner gone for the weekend, sent info F/U next week"
Country Tire & Wheel,REPAIR SHOP,7118 Rosedale Hwy,Bakersfield,CA,93308,(661) 589-2893,,,Lead,,,,,
Covina Complete Auto Repair,REPAIR SHOP,859 W Covina Blvd,Covina,CA,91722,(626) 699-2348,,,Contacted,,,,,"10/17 Joe sounded interested, Joe will call me back was busy when we talked."
Craftsman Collision USA,BODYSHOP,3250 E Airport Way,Long Beach,CA,90806,(562) 426-2693,melanie@craftsmancollision.com;  jhernandez@craftsmancollision.com,,Contacted,,,,,"2/11 sent info email to melanie,"
CrashFix Inc,BODYSHOP,"1104 S Victory Blvd., Burbank CA 91502",Bubank,,,(818) 474-5250,alex@crashfix.com,Alex Ross,Contacted,,,,,4/23 info sent; 5/5 bodyshop only
D&M Automotive and Tow,REPAIR SHOP,2625 NE Vivion Rd suite a,Kansas City,MO,64119,(816) 569-6753,DMAutoKC@gmail.com,,Contacted,,,,,12/19 LVM
DPS Automotive,REPAIR SHOP,12070 Parklawn Drive North Bethesda,,MD,20852,(301) 997-5601,info.dpsautomotive@gmail.com,Ismet Kara,Contacted,160,160,,,4/7 Ismet was interested in learning more; sent info email & contract. shop is already starting to wrok on EV's and would like to do more...
Del Mar Car Care,REPAIR SHOP,155 Carmel Valley Rd,Del Mar,CA,92014,(858) 755-1652,info@delmarcarcare.com,sean or Bill,Lead,,,,,
Dennis' Auto Repair,REPAIR SHOP,1817 E Hammond Ave,Fresno,CA,93703,(559) 264-6443,serviceteam@dennisautofresno.com,Dennis,Contacted,214.65,,,,"4/13 Jose took info down, will have Dennis  call me back"
Dhillon Motorsports,REPAIR SHOP,646 Auzerais ave,,,,(408) 999-0699,smogmansj@gmail.com,Kathy - SA,Contacted,,,https://www.3vlove.com/,,"6/5 Kathy asked for infor to fwd to the owner, didn't want to provide owners first name (not allowed to)"
DI SABATO'S EV SPECIALISTS,REPAIR SHOP,2300 Kirkwood Ave Suite B,Naples,FL,34112,(239) 241-3577,Info@disabatos.com,,Contacted,,,,,"1/6 lLVM; 1/13 LVM- 1/13 shop called back sounded interested in partnership will review info &  get back to me; 1/14 shop replied to email, answered questions waiting for  LR confirmation to send out contract."
Dick's Automotive,REPAIR SHOP,1550 Tollhouse Rd,Clovis,CA,93611,(559) 202-0873,dicksautomotiveinc@gmail.com,Grant - president,Contacted,,,,,9/24 LVM;  9/26 Grant will discuss w/ the board and get back to me
DMC Automotive Repair,REPAIR SHOP,2325 E Thompson blvd,Ventura,,93003,(805) 652-2221,nancy.DMCauto@gmail.com; patrick@lbmautomotive.com,Nancy-front desk; J.R.- owner,Contacted,,,,Yes,"5/22 LVM; Nancy CB asked for info, 4 shops; 6/3 Nancy will have JR CB (has been out of town); 6/9 LM with SA; 8/13 spoke w/ Patrick asked me to resend info email, will make sure JR reviews."
Done With Care Auto Repair,REPAIR SHOP,5810 Merriam Dr.,Merriam,KS,66203,(913) 722-3466,david.roman@donewithcareautorepair.com,David Roman,Contacted,,,,,"12/10 Juan SA, provided owners email to send info.  they work on EV's currently"
Donovan Automotive Diagnostic & Service,REPAIR SHOP,2141 W Kennedy St,Madera,CA,93637,(559) 674-8207,,,Contacted,,,,,10/30 LVM
Drive Auto Care,REPAIR SHOP,148 N Cedros Ave #4,Solana Beach,CA,92075,(858) 793-0560,,Joseph;,Contacted,190,,,,4/13 Joseph will pass my info to GM
Duro EV,REPAIR SHOP,4902 New Bern Ave,Raleigh,NC,27610,(919) 275-2290,adurovey@gmail.com personal email;  info@duroev.com-shop email,Adam durovey,In Review,150,,,,"12/22 Adam's wife answered scheduled to open in January. sent info so they can review, will follow up in a week or two; 1/12 not ready to partner yet asked me to check in  mid/late Feb.  2/18 sent contract for Adam's review,"
Earthling Automovice,SPECIALIST,615 Bayshore Blvd San Francisco,San Fancisco,CA,94124,(415) 875-9030,,,Lead,,,,,
Easy Automotive,REPAIR SHOP,747 Lincoln Ave,San Rafael,CA,94901,(415) 532-2454,747easyautomotive@gmail.com,Mike,Contacted,219,,,,2/3 service advisor asked me to email Mike shop owner
EcoMax Auto Service,REPAIR SHOP,9555 Black Mountain Rd,San Diego,CA,92126,,,,Lead,,,,,
Economy Auto,REPAIR SHOP,1621 Railroad Ave,Clovis,CA,93612,(559) 233-1737,economyautocareclovis@gmail.com,adan,Contacted,140,,,,10/21 LVM; Adan is interested asked for more info.; 2/12 Adan stated he's selling shop
Eddy's Body Shop,BODYSHOP,650 S Webb Rd,Wichita,KS,67207,(316) 652-2135,,,Contacted,,,,,12/*29 316-652-2222 - Eddy's Toyota is  the corporate office call them 12/30
Edge Motorworks,REPAIR SHOP,45081 Freemont Blvd,Freemont,,,(650) 965-8337,info@edgeMW.co,Anthony Zwain,Contacted,,,,,12/5 Very interested. highly detailed Shop. 12/10 Left VM. Can also Text Message to 408-548-0366. 12/19 sent email f/u.; 5/5 sent email & txt
EGA Service Center,REPAIR SHOP,211 Hendrick St,Stockton,KS,67669,(785) 425-0535,"egaservicecenter@gmail.com
peablobice2014@gmail.com",bob,Contacted,,,,,"1/7 Bob service advisor, interested asked for info email to discuss w/ owner."
Electric Ave,REPAIR SHOP,2300 Hyperion Ave,SilverLake,,,(323) 665-8807,info@electricsilverlake.com,Koko,Contacted,,,,Yes,"4/24- 2 shops Silver Lake, & Thousand Oaks; 5/5 advisor said Koko will get in touch if interested; 5/16 left msg w/ advisor, sent F/u email; 6/9 Mike said Koko's not in not sure where he is or when he will be in shop, then hung up."
Electric Ave,REPAIR SHOP,389 Thousand Oaks BLVD,Thousand Oaks,,,(805) 660-4310,electricavenathan@gmail.com,Koko,In Review,,,https://www.electriccitysocal.com/,,4/24 - sent info; 5/5 advisor said Koko will get in touch if interested; 5/16  LVM sent F/U email; 6/9 LVM asking for a CB
Electric City / Hybrid Auto Club,REPAIR SHOP,775 W San Bernardino Rd,Covina,CA,91722,(626) 646-3598,cesar@hybridautoclub.org,cesar laro,Contacted,,,,,"5/6 now electric city, Cesar will CB; 5/13 LVM/resent info;  5/22 lvm;  7/7 online lead came in called Cesar ; 8/8 call no answer/ sent a text asking for sometime to chat.   Shop called back, they're doing Mobile diags, shop mgr will discus w/ Cesar owner.  11/6"
Electric Laboratories complete car care,SPECIALIST,133 East Sierra Ave,Fresno,,,(559) 474-8098,elaboratories@sbcglobal.-old MGR's email.....  smcbride.electriclab@gmail.com-new MGR,Denis,Contacted,,,,Yes,"5/13 GM Richard said shops lookking to get into EV's, interested; 8/13 followed up waiting on response or CB; 10/30 left msg for Richard asking for a callback... 11/04 Richard retired - Sean is the new GM"
Electrics Auto,REPAIR SHOP,401 W Gap Creek Rd,Greer,SC,29651,(864) 881-2201,,Matt,Contacted,,,,,"12/18 Matt isn't interested in a partnership right now, too busy, not enough employees to take on a partnership, maybe Q3-4 2026, check back in"
Electron Automotive,REPAIR SHOP,969 N Batavia St,Orange,CA,92867,(714) 970-4367,info@electronautomotive.com,micheal,In Review,,,,Yes,"4/25 sent info, 5/5 answered ?'s Cesar had, asked for contract to review; 5/14 F/U email sent; 11/4 Cesar no longer works here, Michael is the new MGR sent an email & left my contact info w/ the advisor."
Elk Grove Brake & Suspension,REPAIR SHOP,10119 Iron Rock Way.,Elk Grove,CA,95624,(916) 690-8830,elkgrovebrake@gmail.com,Sorin & Gorge,Contacted,165,,,Yes,4/23 LVM:  5/5 advisor suggested i resend & call back wed 5/7;  10/8 Sorin sounded interested asked for email
Elk Grove Transmission & Auto Repair,REPAIR SHOP,9797 Dino Dr,Elk Grove,,,(916) 714-9795,karl_Guidotti@yahoo.com,Karl,Contacted,,,,Yes,"6/2 not sold, asked for more info; Karl asked me to resend info to fwrd to owner;  10/8 Karl took my # down will pass it along to Owner"
Empire Automotive Services,REPAIR SHOP,28160 Industrial Blvd,Hayward,,,(510) 592-5753,kunal@empireautomotiveservices.com,Kunal,In Review,,,,,4/23 sent email; 5/5 asked for contract will look over w/ brother and get back to us; 8/22 scheduled call at 4pm currently busy
energized - EV,SPECIALIST,187 Pacific St.,Pomona,CA,91768,(951) 732-8697,steve@energized-ev.com,Steve fu,In Review,200,200,https://www.globemotorsports.com/,Yes,"5/16 LVM, sent email, confirm location & LR; 5/16 Steve  CB went over RW is interested asked for contract; 7/16 LVM & email; 8/26 LVM askin for a CB; 10/23 will CB busy w/ a CX"
Escondidio Auto Pros,REPAIR SHOP,1181 N Escondido Blvd,Escondido,,92026,(760) 546-7256,James@escondidoautopros.com,James,Contacted,,,,,"5/9 James on a trip, sent info; 10/31 James left for the day, sent an email."
Euro Auto Repair,REPAIR SHOP,12401 Prairie Ave,Hawthorne,CA,90250,(310) 672-6415,,,Lead,,,,,11/13 Micheal from Venice Auto is thinking about purchasaing this location; if he does he wants to get it on VF program.
Eurobahn,REPAIR SHOP,101 S Swing Rd,Greensboro,NC,27409,(336) 542-3555,,,Lead,,,,,
Euro Car Doctor,REPAIR SHOP,3005 Harbor Boulevard,Costa Mesa,,,(714) 617-7710,cmservice@eurocardoctor.net  Tony@eurocardoctor.net,tony- owner  brando-advisor,In Review,,,,Yes,"4/23 advisor req. email will frwd to owner. 5/5 Tony will callback;  5/14Tony is out of the contry for 3 week try back in 3WKs; 6/9 Tony asked for contract to move fwrd, just getting back from Vac will look over & get back to me this week. 6/13 LM w/ Alexander to have TOny CMB. 8/26 sent Tony an email, waiting on a CB or response"
Euro Car Doctor,SPECIALIST,3070 Main St,Irvine,,,(949) 288-2373,cmservice@eurocardoctor.net,Alexander.  Service Manager is Steven Miller,In Review,,,https://www.herbsgarageca.com/,Yes,"3/5/25 Spoke with Alexander- Service advisor.  Very enthusiastice about our service.  Wanted email right away.  2 locations - Irvine and CM.  just recently completed a drive unit.  want more customers.  sent email follow up - Service manager is Steven Miller. Locations in Irvine and Costa Mesa. third location opening soon. 3/10/25 spoke with Steven Miller. Was busy - said he will get back to me.; 5/6 waiting on alexanders CB; 5/14Tony is out of the contry for 3 week try back in 3WKs; 6/9 Tony asked for contract to move fwrd, just getting back from Vac will look over & get back to me this week. 8/26 Evan asked me to check in Costa Mesa for Tony"
Euro Car Doctor,REPAIR SHOP,TBD,,,,,service@eurocardoctor.net,evan- advisor  Tony-owner,In Review,,,,Yes,"4/23 advisor req. email will frwd to owner. 5/5 Tony will callback;  5/14Tony is out of the contry for 3 week try back in 3WKs; 6/9 Tony asked for contract to move fwrd, just getting back from Vac will look over & get back to me this week."
Euro Tec Auto,REPAIR SHOP,5476 W Mission Ave,Fresno,CA,93722,(559) 570-8228,,,Contacted,,,,,"4/13 Bal picked up & hung up, LVM"
EuroPros,REPAIR SHOP,1655 S West St,Wichita,KS,67213,(316) 250-5900,,,Lead,,,,,
EV + Auto Repair,REPAIR SHOP,9755 Glenoaks Blvd,Sun Valley,CA,91352,(818) 281-7757,info@evplusautorepair.com,Hovik,Contacted,250,,,,"11/5 tiffany asked me to email info so Hovik can look over when he's in. LR 250 but she mentioned its negotiable if the volume is high ;  11/7 Tracey (Office MGR) replied to email, they mostly do body work with some repairs, might not be fit for VF, called LVM for Tracey & Hovik."
EV Auto Service,REPAIR SHOP,110 S Claremont St,San Mateo,CA,94401,(650) 343-0988,evautoservicesm@gmail.com,Oscar,Contacted,,,,,"11/11 sent info email, Oscar will be back Fri  11/14:  not avalable try next Fri;  11/24  OOO for holidays"
EV Doctor,REPAIR SHOP,160 - 220 Victoria Drive Vancouver BC CANADA V5L 0C7,Toronto,,,(866) 993-2023,info@ev-md.com,"Damian Breland / 
Matt Jandrisits",Contacted,,,,,4/28 made contact via email.
EV Elite Inc,SPECIALIST,7039 Topanga Canyon Blvd C,Canoga Park,CA,91303,(818) 992-0697,evelitecars@gmail.com,Jerry,Contacted,185,,,,"8/13 MGR Scott asked me to email info, Owner Jerry will review; 11/5 left my # w/ Scott for Jerry."
EV Moove,SPECIALIST,145 Turnbull Canyon Rd,City of Industry,CA,91745,(213) 703-1045,evmoove@gmail.com,Valdimir,Contacted,250,,,Yes,"5/12 VM not set up retry. 8/19 Vlad, asked for info to be sent."
Eveland Bros.,BODYSHOP,7200 W. Frontage Rd.,Merriam,KS,66203,(913) 262-6050,,,Contacted,,,,,12/10 LVM w/ Marrio asking for a CB
EVGarage,REPAIR SHOP,7625 NW 54th St,Miami,FL,33166,(305) 433-3321,service@evgarage.us,tawfiQ,Contacted,,,,,"1/13 sent info, tawfiq thinks founder might be interested, need to connect with Gerardo-CEO"
EVProtech / Alternative Automotive,REPAIR SHOP,9944 Glenoaks Blvd,Sun Valley,CA,91352,(818) 585-5251,alternativeauto1@gmail.com,Justin,Lead,,,,,"11/5 Justin was busy, asked for info & a CB tomorrow"
EV Repair,SPECIALIST,1015 E Anaheim st,Long Beach,,,(424) 355-5775,,,Contacted,,,,,8/19 LVM; 1/30 VM not set up; 2/11 VM no set up
EV Reviver,SPECIALIST,2015 N Tustin Ave Ste B2015 N Tustin Ave Ste B,Santa Ana,,,(949) 506-4356,leon@theevreviver.com,Leon Thompson,Contacted,,,https://www.jpseuro.com/,,"5/12 works on EV does batteries, sent info"
EV's Republic,SPECIALIST,2183 Benita Drive,Rancho Cordova,,,(916) 907-2272,info@evsrepublic.com,,Contacted,,,,,5/13 SA took my info down will pass along to owner; they are looking for partners;  5/19 LM & sent email; 10/23 left info w/ service dep.  waiting on a CB
Exclusive Auto Care and Auto Body,REPAIR SHOP,830 Kaynyne St,Redwood City,CA,94063,(650) 367-7322,exclusiveautocarerwc@gmail.com,Tommy,Contacted,,,,,"8/19 shop is going to stop taking in mechanical repairs, offered our partnership, SA asked i email the owner Tommy.  9/2 shop took my # down to ask Tommy  to reachout"
Exclusive Motors,REPAIR SHOP,2499 Arden Way,Sacramento,CA,95825,(916) 624-4700,roman@exclusivemotors4u.com,Roman Service MGR,Contacted,250,200,,,"Roman is the Service MGR, very interested, 15 bay shop AC, Alignments, good tech's with experiance"
Exotic Motorsports,REPAIR SHOP,5301 W Market St. Greensboro,,NC,27409,(336) 280-4500,,,Contacted,,,,,4/1 hasn't had a tech for the last few months
Exp Auto Repair,REPAIR SHOP,3598 Mission Ave Oceanside,,CA,92058,(760) 260-9752,expautorepairinc.@gmail.com rastx60@aol.com,Hunter,Contacted,185,,,,
Expert Auto Center,REPAIR SHOP,,Wichita,,67208,(316) 290-9977,,,Contacted,,,,,"12/8 LVM for Tim at head office, 5 shops in Wichita KS."
Exper Auto Center,REPAIR SHOP,5230 E Central Ave,Wichita,KS,67208,(316) 440-6600,,,Lead,,,,,
Extra Care Auto Repair,REPAIR SHOP,840 San Mateo Ave,San Bruno,,,(650) 952-5700,,,Contacted,,,,,9/2 striaght to VM.
Factor EV,REPAIR SHOP,1301 Reid Harkey Rd,Matthews,NC,28105,,factor.ev.service@gmail.com,tyler,Contacted,150,150,,,"12/17 new EV shop in NC, CoFounder Tyler is interested, (knows about us through Purley EV in ATL);  asked for more info. & agrement to review w/ partner  1/8 hasn't had a chance to discuss w/ partner yet will call me back when he has."
Fast Tire & Auto Repair,REPAIR SHOP,1050 W Commercial Blvd Fort Lauderdale,,FL,33309,(754) 900-2004,fasttireftl@gmail.com,JR- store mgr,Contacted,,,,,4/2 JR asked for more info to pass along to owner
Five Star Automotive Repair,REPAIR SHOP,23930 Sunnymead BLVD #b1,Moreno Valley,,92553,(951) 485-6560,5starauto000@gmail.com,Joe,Contacted,,,,Yes,5/9 Owner asked for F/U after summer; not ready
Foreign Accents,REPAIR SHOP,1616 Spring Garden St,Greensboro,NC,27403,(336) 704-8141,davidlasher@eurohaus.pro,,Contacted,,,,,"1/8 this location was open to a discussion, provided MGR's email, took my # down and will have; 4/1 sent info to updated email, call back"
Fremont & Purdon Automotive Group,REPAIR SHOP,836 E Orange Grove Blvd,Pasadena,,,(626) 795-6282,customerservice@fremontandpurdon.com,stevejavourian,In Review,,,,,"4/28 SA asked for more info to have owner review; 5/5 owner will be in tue. CB; 5/14 LM w/ SA ; 5/16 Steve's covering for a sick sales person try next week; 8/19 SA will have Steve call me back, was in OOO tdy."
Fresno Auto Service,REPAIR SHOP,103 N Broadway St,Fresno,CA,93701,(559) 441-7141,,,Contacted,,,,,10/24 SA didn't want to connect me w/ owner
Future Auto Service,REPAIR SHOP,820 S Victory Blvd,Burbank,,,(818) 239-7201,futureautoservice2020@gmail.com,Henry / Arthur,Contacted,,,,,4/28 sent info & contract; 5/5 henry&art are busy will call me back; 5/14 F/U Email sent
Gallardo's Automotive Service Inc,REPAIR SHOP,881 East Thousand Oaks Blvd.,Thousand Oaks,CA,91360,(805) 494-9358,,,Contacted,,,,,11/26 call back Dec.
Gateway Automotive Repair,REPAIR SHOP,101 N Sunnyside Ave,Clovis,CA,93611,(559) 323-1948,,,Lead,,,,,
Garden Plain Body & Repair,BODYSHOP,3550 S 295th St W,Garden Plain,KS,67050,(316) 531-2571,,,Contacted,,,,,"1/9 no answer, just rings then disconnects"
Greenhaven Shell Service Center,REPAIR SHOP,"6431 E, 6431 Riverside Blvd suite a",Sacramento,CA,95831,(916) 422-6053,,,Contacted,,,,,10/9 gas station service shop
Gregg Smith Automotive,REPAIR SHOP,6202 SE Abshier Blvd,Belleview,FL,34420,(352) 347-2222,,,Contacted,,,,,1/14 LVM
G&J Auto Repair Bellflower,REPAIR SHOP,17313 Clark Ave,Bellflower,,,(562) 219-5069,gjautorepairshop@gmail.com,George Spoke with Luis - 3:30pm,Contacted,,,,Yes,5/6 resent info; 5/14 F/U email & LVM
G&J Auto Repair Inglewood,REPAIR SHOP,4055 W Century Blvd #6,Inglewood,,,(213) 687-1569,gjautorepairshop@gmail.com,,Contacted,,,,,5/6 resent info; 5/14 LVM & F/U email
Gate City Import Auto Service,REPAIR SHOP,120 Winola Ct,Greensboro,NC,27409,(336) 549-0301,,,Contacted,,,,,
Garage 88,REPAIR SHOP,4008 West Burbank Blvd,Burbank,,,(818) 736-5388,info@garage-88.com,nova,Contacted,,,,Yes,5/6 sent email; 5/15
GPR Automotive,REPAIR SHOP,644 Pacific Ave,Oxnard,,93030,(805) 758-0545,,,Contacted,,,,,6/9 SA asked me to txt info - will CB when they have time.
Greensboro Autotech,REPAIR SHOP,200 S Regional Rd #108,Greensboro,NC,27409,(336) 665-7070,,,Contacted,,,,,3/30 LVM
GT Imports Automotive Repair,REPAIR SHOP,10180 Hole Ave,Riverside,CA,92503,(951) 351-8970,shop.gtimports@gmail.com,Walter-SM,Contacted,,,,,10/20 Waler mgr requested more info to discuss with owners
GT Pit Stop,REPAIR SHOP,3222 Motor Cir,Riverside,CA,92504,(909) 296-4723,gtpitstop2019@gmail.com,Carlos Campos,In Review,180,,,,"10/22 Carlos asked for info, and a follow up call  Thurs; 10/23  Carlos asked for contract"
GT Pit Stop,REPAIR SHOP,28822 Old Town Front St #104,Temecula,CA,92590,(951) 621-5845,gtpitstop2019@gmail.com,Carlos Campos,In Review,180,,,,"10/22 Carlos asked for info, and a follow up call  Thurs; 10/23  Carlos asked for contract"
GTA Autobody inc.,BODYSHOP,20119 Nordhoff ST,Chatsworth,,91311,(818) 349-4920,Nick@gtaautobody.com,Nich Aghamalyan,Contacted,,,,,
HC Auto and Body,REPAIR SHOP,2424 S Wilmington St,Raleigh,NC,27603,(984) 205-7271,hcautoandbody@gmail.com;  service@hcautocenter.com,Adriana,Contacted,143.17,,,,"1/20 Adriana in service asked for more info emailed, will discuss w/ owner... this location is doing auto & body repairs"
Hailey Import Service,REPAIR SHOP,2606 Branchwood Drive,Ste B. Greensboro,NC,27408,(336) 286-1024,service@haileyimports.com ;  battlegroundimports@gmail.com,,Contacted,,,,,3/31 sent info email
Hans Wittler's Automotive,REPAIR SHOP,121 Elizabeth St NE,Albuquerque,NM,87123,(505) 294-7684,roger@hanswittler.com; andres@hanswittler.com,,Contacted,205,189,,,"4/9 conected shop, suggested I speak  with VP's  Roger & Adnreas;  4/10 Roger is interested, sent contract to move forward."
Hart Motors & Star Smog Hybrid Vehicles,REPAIR SHOP,7957 Van Nuys Blvd,Panarama City,,,(818) 781-2700,hartmotors@gmail.com,ara hart,Contacted,,,,,"4/28 Ara asked for more info; 5/6 confirmed he has email, needs to review & CB"
Henry's Auto Service,REPAIR SHOP,2431 Manning St,Sacramento,CA,95815,(916) 515-9100,sacramentoautoshop@gmail.com,,Contacted,215,,,,10/10 advisor asked for email w/ info to have MGR & Owner look over.
Herb's Garage Auto Service Center,REPAIR SHOP,242 Victoria St,Costa Mesa,,,(949) 200-8975,herbsgarageca@gmail.com,Daron & Ashlin,Contacted,,,,,4/28 interested/put me on hold callback; 5/6 took my # will CB; 5/14 sent info email
Hefti Automotive Service,REPAIR SHOP,3645 Poplar Tent Rd,Concord,NC,28027,(704) 787-9009,,,Lead,,,,,12/23 LVM
Hi Tech Auto Care,REPAIR SHOP,6939 Power Inn Rd,Sacramento,CA,95828,(916) 383-8447,jose@htacsac.com,Jose,Contacted,160,,,,
Hillside Auto Clinic,REPAIR SHOP,26122 Western Ave,Lomita,,,(310) 956-5794,sam@ftg.la ;     Hillsideautoclinic@gmail.com,Sam,Contacted,,,,Yes,"4/28 sent info bounced back, 5/7 sent info email to website email; 5/14 resent info to updated email address"
Hodge Garage,REPAIR SHOP,931 Battleground Ave,Greensboro,NC,27408,(336) 386-1759,hodgegarage@msn.com,,Contacted,,,,,"3/31 shop is loosing a tech, not ready to partner right now possibly in the future."
Hollywood Auto Center,REPAIR SHOP,6733 Lankershim Blvd,North Hollywood,,,(818) 463-2470,service@hollywoodautocenter.com,Sean is owner. Spoke with Betty,Contacted,,,,,Also does collision and is a used car dealer.; 5/6 resent info/intro'd myself as POC
Honest Auto Care And Tire Service,REPAIR SHOP,729 S St,Sacramento,CA,95811,(916) 942-9554,sachonestauto@gmail.com,"Warner SM,  Eugene Owner",Contacted,170,180,,,"10/10 left VM.  Warren is very interested, has worked OEM warranties before, asked good questions, and more info to discuss w/ Owner."
honest-1 Auto Care diamond bar,REPAIR SHOP,780 N. Diamond Bar Blvd,Diamond Bar,CA,91765,(909) 396-9700,harry.downs45@yahoo.com,,Contacted,179,,,Yes,5/7 owner will be in Fri 5/9; 7/16LR$179.00; 8/19 Harry reached out asked for contract to be resent.; 9/26 left msg w/ Jim.
Htet Aung,REPAIR SHOP,308 7th Ave,San Mateo,,,(650) 867-4606,Nextgearbimmer@gmail.com,,In Review,,,,Yes,Htet Aung 12/4 Spoke briefly with Htet. Was with a Customer. will call me back.  12/5 called back. Interested in program. sent F/u and Contract. 12/10 Left VM.   4/17 - LVM; 5/6 busy Htet will CB;  5/9 Sent contract.
Hudson Autoworks,REPAIR SHOP,812 Post St,Greensboro,NC,27405,(336) 772-0685,jasonrobinson@hudsonautoworks.com,Jason,Contacted,150,,,,"3/30 Jason passed info over to owner, owner didn't seem interested, left message for owner asking for a callback"
Hybrid Auto Club,REPAIR SHOP,6850 Westminster Blvd.,Westminster,CA,92683,(714) 833-3122,anthonysedano2016@gmail.com,,Lead,150-200,,,,
HYBRID AND ELECTRIC CAR SALES,REPAIR SHOP,616 BRADLEY CT FRANKLIN,"Franklin, TN",TN,37067,(615) 802-5550,info@hybridandelectriccarsales.com ; Chip.geppi@gmail.com,CHIP GEPPI,Contacted,125,,,Yes,"4/29 chip was busy, asked for email info; 12/5 Chip was very interested in our OEM program, was busy asked from more info to look over"
Hybrid & EV Rescue / Oceanside Auto Pros,REPAIR SHOP,3235 Production Ave,Oceanside,CA,92058,(619) 203-2993,heverscue@gmail.com; oceansideautopros@gmail.com,Christian - MGR,Contacted,175,,,,"4/14 Ariel, provided me the shop info Oceanside AutoPros and MGR - Christian name. sent infor to Oceanside AutoPros"
Hybrid Battery Repair Toyota / Centric Auto,REPAIR SHOP,375 S Rancho Santa Fe Rd Ste108,San Marcos,CA,92078,(760) 490-0487,victor@centricauto.com,Victor,Contacted,240,,,,10/31 victor's interested and asked for more info to look over
Hybrid Battery Services LLC.,REPAIR SHOP,5668 Camp st.,Cypress,,,(720) 676-2984,hybridbatteryservicesllc@gmail.com,Lueleni Maka,In Review,,,https://ochybridtech.com/pages/contact,,"4/29 info sent; 5/6 LVM; 5/8 will hear from Len by end of week; 9/26 Len is in ICU, try back in a week"
Hybrid Edge KC,REPAIR SHOP,1718 Brooklyn Ave,Kansas City,MO,64127,(816) 800-5008,,,Contacted,,,,,12/10 LVM asking for a CB
Hybrid Energy Solutions,REPAIR SHOP,404 S Cherry Ave.,Ontario,CA,91761,(442) 234-3367,HybridEnergySolutions24@gmail.com,Victor,Contacted,150,,,,11/10 LVM on Mian # 442;  LVM on Shop #760... 11/10 Victor is very interested will discuss w/ his partners; 11/26 will sign & complete forms today.
Hybrid Works,REPAIR SHOP,221 Commercial St,Vallejo,CA,94589,(707) 554-3770,hybridworks1@yahoo.com,anthony,Contacted,180,,,,"11/03 LVM; Anthony is very interested,  wants to get into EV's; 11/7 Anthony is OOO today, check back Monday ... 11/11 anthony was busy will call me back;"
Hybrid World INC,REPAIR SHOP,12139 Firestone Blvd,Norwalk,CA,90650,(657) 267-9029,hybridworldinc25@gmail.com,Fabian,Contacted,,,,,"11/3 sent email, LVM"
Hybrid World INC,REPAIR SHOP,"1800 W Commonwealth Ave, Fullerton, Ca 92833",Fullerton,,92833,(562) 503-3183,hybridworldinc25@gmail.com,Fabian,Contacted,,,,,"11/3 sent email, LVM"
Hybrid World INC,REPAIR SHOP,2362 Old Middlefield Way,Mountain View,CA,94043,(408) 449-1311,hybridworldinc25@gmail.com,Fabian,Contacted,,,,,"11/3 sent email, LVM"
I-\70,REPAIR SHOP,3111 N Stadium Dr,Kansas City,MO,64128,(816) 921-0505,shane.edwards@i70autoservice.com,Kendra OBrien-GM; Shane Edwards- Owner,Contacted,,,,,"12/30 Kendra GM, is interested and will discuss w/ Shane - owner, follow up Jan 5th"
Independent EV Repair SHop,REPAIR SHOP,"7905 Marx Dr, North",Fort Myers,FL,33917,(813) 409-8211,don@independentevrepair.com,,Contacted,,,,,1/6 Don will discuss w/ his brother/partner and call me back
Irvine Auto Repair,REPAIR SHOP,8797 Irvine Center Dr,Irvine,CA,92618,(949) 264-0318,Wrsaint3@gmail.com,Ronnie,Contacted,200,,,,
J&J Automotive,REPAIR SHOP,8390 Gerber Rd Ste B,Sacramento,CA,95828,(916) 509-9264,jandj.autocare@yahoo.com,Shannon Joe,Contacted,,,,,"10/13 Shannon & Joe are interested, will discuss w/ their techs to see who wants to go."
Jeff's Golden Gate TIre & Auto,REPAIR SHOP,2215 N Church St,Greensboro,NC,27405,(336) 272-1635,inglewes@gmail.com,Wes ingle,Contacted,120,,,,3/30 Ashley Ingle front office. provided Wes email to send info to
Jeremy Franklin Tire and Auto Repair,REPAIR SHOP,6300 E 87th St,Kansas City,MO,64138,(816) 205-7167,cjenkins@jeremyfranklin.com,Cal Jinkins - Service Mgr;  Jeremy Franklin - owner,Contacted,,,,,"1/12 former Fisker service center, service manager is interested, sent info email. Jeremy filled out shop survey, schedulling time to chat with Jeremy and see if we can partner with his service Dep."
Jungs Auto Restoration,REPAIR SHOP,19649 E Walnut Dr S,Walnut,CA,91789,(909) 468-2883,jungsauto@gmail.com,Sung Thomas Lim,In Review,195,150,,,"12/19 cert. VF body shop. interested in doing warranty repairs, has 1acer lot, 15K sqr foot wearhouse. has battery table."
John's Automotice,REPAIR SHOP,1711 Mission Rd,South San Francisco,,94080,(650) 994-7211,johnsautomotiveca@mechanicnet.com,John,Contacted,,,,Yes,6/6 LVM & sent info;  8/4 LVM
John's Automotive Care,REPAIR SHOP,6267 Riverdale St,San Diego,,92120,(619) 304-0815,John@johnsautomotivecare.com,John,Contacted,,,,,5/9 sent info to owner; 3 locations in SD
Jonny Prius & EV Repair,SPECIALIST,8996 La Linia Ave UnitB,Atascadero,,,(805) 464-2844,jonnyprius@gmail.com,Jonathan,Contacted,,,,Yes,5/13 Jon asked for info
Joy's Service Center,REPAIR SHOP,549 North Tyler Road,Wichita,KS,67212,(316) 722-4631,,,Contacted,,,,,"12/26 closed, Couldn't leave VM"
K West Auto Care,REPAIR SHOP,7236 Mission St,Daly City,,,(650) 991-0502,kwestautocare@gmail.com,Jackie,Contacted,,,,,12/19 Referred by Quan of DAS Auto Service. Just does tires now.  Interested but wants to see some info.  Def follow up. 5/6 busy asked for a CB another day; 8/4 Jackie on vacation try back in two weeks.
Kiko's Auto Repair Shop,REPAIR SHOP,170 umbarger Rd Unit C3,,,,(408) 709-1392,kikosautorepairshop@gmail.com,Kiko,Contacted,,,,,Kiko was interested but not ready will look over info & CB
King of Hybrid & EV Auto Repair,SPECIALIST,5510 Van Buren Boulevard suite c,Riverside,CA,92503,(310) 310-1244,king.hybrid.ev@gmail.com,Main mah,Contacted,175-215,,no website but shop has good potential on reviews.,,"5/12 works on ev & hybrids, sent info.. 10/31  Main asked for info to look over."
King's Auto Service,REPAIR SHOP,1039 North West Street,Raleigh,NC,27603,(919) 689-4964,kingserv@bellsouth.net; service@kingautomotive.net,,Contacted,280,,,,"1/12 not sold, bad experiance w/ Tesla; but forman provided email to look over and discust with ownership."
L & C Automotive Service,REPAIR SHOP,6530 Franklin Blvd,Sacramento,CA,95823,(916) 594-7048,LCAuto6530@gmail.com,Chenz,Contacted,,,,,10/13 Chenz wasn't in sent info email & left my # to call back
L&M Auto Repair,REPAIR SHOP,1116 W 43rd St S,Wichita,KS,67217,(316) 522-2261,lmautorepair67@gmail.com,Caleb,Contacted,,,,,12/26 advisor provided Caleb's email to send them information.
LAGAS Group,REPAIR SHOP,12066 Parklawn Dr,Rockville,MD,20852,(240) 669-8576,jmorant@lagasgroup.com,Justin,Contacted,,,,,"10/14 couldn't connect, will try calling back"
Laguna Woods Auto Repair Inc,REPAIR SHOP,23512 Commerce Center Dr,Laguna Hills,CA,92653,,lagunawoodsauto@gmail.com,Bob,Contacted,200,,,,2/17 asked for info to discuss w/ his team.
Laser Focus Alignment & ADAS,SPECIALIST,"20435 Gramercy Place, Suite 104",Torrance,CA,90501,(424) 271-7786,laserfocusenterprisesllc@gmail.com,Justin Hall,Contacted,,,,,"12/10 LVM, lead came in"
Layton's Garage,REPAIR SHOP,114 Southwest 9th Street,Ft Lauderdale,FL,33315,(954) 777-6448,laygar@gmail.com,,Lead,,,,,
Lenexa Automotive,REPAIR SHOP,13311 Walnut St,Lenexa,KS,66215,(913) 492-8250,,,Contacted,,,,,12/10 advisor didn't want to provide email or owner name; asked for a CB 12/11  8:30am LA time
Lex Service,REPAIR SHOP,737 Pacific Coast Hwy,Harbor City,CA,90710,(310) 517-0868,,,Lead,,,,,2/2 LVM asking for a callback
Lima Auto Repair,,,,,,,,,Lead,,,,,
Lucys Auto Center,REPAIR SHOP,5601 W Pico Blvd,Mid City,,,(323) 433-6479,claims@lucysautocenter.com,Avo,Contacted,,,,,4/29 Avo asked for more info; 5/6 Avo will have son look over & reach out
Luis Auto Repair,REPAIR SHOP,647 23rd St suite a,Richmond,CA,94804,(510) 215-9887,luis7111@gmail.com,Luis,Contacted,200,,,,"2/3 works on teslas, coolant, brakes, suspenion.. labor is a bit high if he wants to move forward ill see if we can get a lower warranty rate"
Lumin fisker / new name tbd,REPAIR SHOP,3655 Florin Rd #100,Sacramento,CA,95823,(916) 848-6282,christian@luminfisker.com,Christian,Contacted,,,,Yes,5/12 christian said dealership is changing names couldn't tell me what make. asked for info
M&F Auto Repair,REPAIR SHOP,3324 E Belmont Ave #2011,Fresno,CA,93702,(559) 515-6117,mnfautorepair@gmail.com,Edwin and Adan,Contacted,,,,,10/6 left VM and sent Email.
MAG Auto Repair,REPAIR SHOP,1700 E Thompson Blvd,Ventura,CA,93001,(805) 861-8283,Miguel@magauto.net,Miguel,Contacted,175,,,,"11/14 Miguel doesn't work on EV yet, asked for more info to look over."
Mango Automotive DTALB,REPAIR SHOP,700 Central Ave SW,Albuquerque,NM,87102,(505) 764-8698,carly@mangoautomotive.com,Carly,Contacted,,,,,"4/9 connected w/ shop, suggested I reach out to Carly Fleet AM for Mango Auto. sent an intro email asking for to set up a call."
Ma's Auto Body,SPECIALIST,775 California Dr,Burlingame,,,(650) 348-3772,masautobody888@hotmail.com,Jim Pozzobon - mgr; Kevin Ma - owner,In Review,,,,Yes,"6/9 Cert VF Body Shop & Repair- needs a solution to clear DTC's after repairs, currently shop drives to Colma SC and pay for DTC clearing. they also perform repairs at this location."
Ma's Auto Body,BODYSHOP,1116 South Amphlett Blvd,San Mateo,,,(650) 558-8530,masautobody888@hotmail.com,Jim Pozzobon - mgr; Kevin Ma - owner,In Review,,,no website but shop has good potential on reviews.,,"6/9 Cert VF Body Shop needs a solution to clear DTC's after repairs, currently shop drives to Colma SC and pay for DTC clearing. they also perform repairs at this location."
Mastertech Motors Auto Repairs,REPAIR SHOP,6314 Old Branch Ave,Temple Hills,MD,20748,(301) 900-3859,NickPaul19@gmail.com,Nick SA,Contacted,,,,,"4/7 sent info to Nick, he will discuss with Owner"
Marin Hybrid Shop,REPAIR SHOP,400 Enfrente Rd,Novato,CA,94949,(415) 883-0300,,,Contacted,,,,,11/03 LVM; Petra called back and said they're not interested in EV's
Medlock & Sons,SPECIALIST,9028 Delridge Way,Seattle,WA,98106,(425) 405-0458,Medlockteslaservice@gmail.com,Carl Medlock,Contacted,,,,Yes,"5/6 show closes at 4pm, sent info email CB tomorrow; 5/7 Carl very grumpy, asking for labor times to review before we can partner. ""dosent like 3rd party partnerships"""
Meineke Auto Repair & Mechanic Shop #1375,REPAIR SHOP,12300 W 95th St,Lenexa,KS,66215,(913) 213-0484,,,Contacted,,,,,12/15 low Google reviews 3.8
Meineke Car Care Center #2432,REPAIR SHOP,121 E Whittier Blvd,Montebello,,,(323) 767-8010,meinekestore2432@gmail.com,Gabby,Contacted,,,,,4/25 SM-Luis provided email address; 5/6 Luis took my # will have Gabby CB
Meineke Car Care Center #2819,,1100 W Holt,Ontario,,,,,,Lead,,,,Yes,Coming Soon
Meineke Car Care Center Oceanside,REPAIR SHOP,3844 Plaza Dr,Oceanside,,92056,(760) 691-1296,shop.4068@meineke.net,Joe,Contacted,,,http://www.signatureptw.com/,,5/9 Joe's not in shop asked me to email info to owner
mekaniks Plus Camarillo,REPAIR SHOP,130 Dawson Dr,Camarillo,,93012,(805) 303-7706,morris@mekaniksplus.com,Morris & Mario - owners; Lalo-poc,Contacted,,,,,"5/22 Lalo gave me Morris's email info, Mario & Morris are partners/brothers; 6/3 resent info to Morris advisor will have Him CB"
Mekaniks Plus Oxnard,REPAIR SHOP,632 Pacific ave,Oxnard,,93030,(805) 303-7916,Mario@mekaniksplus.com,Mario & Morris - Owners;  Adam-poc,Contacted,,,,,"5/22 Adam asked for more info, sent to Mario LR 250; LM for Mario asking for a CB"
Michael & Co. Auto Body Shop & Auto Repair,REPAIR SHOP,380 Lincoln Ave,San Jose,CA,95126,(405) 286-2988,kay@michaelandcompany.com,Kay,Contacted,195,,,,"Kay's interested, asked for info to discuss w/ owners"
Midas - Simi Valley,REPAIR SHOP,820 E Los Angeles Ave,Simi Valley,CA,93065,(805) 285-2918,simimidas1@gmail.com,Jeff Patey,Contacted,245,,,,"7/10 - 245.000LR; might be too much; 9/2 Jeff was busy, asked for a CB Thursday."
Midas - Anaheim,REPAIR SHOP,1701 W La Palma Ave,Anaheim,,92801,(714) 422-0881,haileymidas@gmail.com,Hailey killebrew - owner,In Review,165,165,,,"6/13 LR 165; 8/27 LVM on Hailey's #. 9/2 Hailey wasn't in, LM with shop & LVM on her cell; 9/26 will discuss with Alie today and request contract if they're interested in moving forward."
Midas Cathidral City,REPAIR SHOP,,,,,,,,Lead,,,,,
Midas Diamond Bar,REPAIR SHOP,,,,,,,,Lead,,,,,
Midas Durham,REPAIR SHOP,3606 Durham-Chapel Hill Blvd,Durham,NC,27707,(919) 907-2504,mikegurney@leggett-auto.com,,Contacted,,,,,4/7  owned by James Leggett same as greensboro shops
Midas Hemet,REPAIR SHOP,,,,,,,,Lead,,,,,
Midas Orange,,1922 E Chapman Ave,Orange,,,,midasorangeca@gmail.com; vll411@sbcglobal.net,Jason Robinson,In Review,200,,,,4/24 send email & Contract;  10/23 contract sent
Midas Roseville South,REPAIR SHOP,,,,,,,,Lead,,,,,
Midas Santa Ana,REPAIR SHOP,2523 S Bristol Ave,Santa Ana,CA,92704,(714) 795-2757,midasfountainvalley@yahoo.com,Jon Lim,In Review,,,,,4/29 AJ onsite will assist on getting shop live
Midas-Barstow,REPAIR SHOP,660 West Main,Barstow,,,(760) 718-3239,daniel@midasdna.com;  midasbarstw@hotmail.com,Daniel,In Review,,,,,4/29 Daniel owns Barstow & LakeForest; 5/6 L MSG w/ shop
Midas Bay Shore,REPAIR SHOP,1743 Sunrise Hwy,Bay Shore,NY,11706,(631) 514-1111,dastgir.abbas@gmail.com,Abbas,In Review,180,180,,,"9/17 Abbas is interested, asked for contract"
Midas Seaford,REPAIR SHOP,3906 Sunrise Hwy,Seaford,NY,11783,(631) 514-1111,dastgir.abbas@gmail.com,Abbas & Raza,In Review,180,180,,,9/17 Raza asked me to speak with Abbas he would decied.
Midas Port St. Lucie,REPAIR SHOP,10730 South US 1,Port St Lucie,,34952,(772) 335-0421,joel_victores@yahoo.com,Yoel Victores,Contacted,,,,,9/19; Yoel requested a CB week of 9/22; 9/25 emailed info
Midas Sunrise,REPAIR SHOP,235 E. Sunrise Blvd,Ft. Lauderdale,,33304,(954) 522-1106,joel_victores@yahoo.com,Yoel Victores,Contacted,,,,,9/19; Yoel requested a CB week of 9/22
Midas Hallandale,REPAIR SHOP,1000 North Federal Hwy,Hallandale,,33009,(954) 454-1287,joel_victores@yahoo.com,Yoel Victores,Contacted,,,,,9/19; Yoel requested a CB week of 9/22
Midas Coral Springs,REPAIR SHOP,8080 Wiles Rd,Coral Springs,,33065,(954) 752-9222,joel_victores@yahoo.com,Yoel Victores,Contacted,,,,,9/19; Yoel requested a CB week of 9/22
Midas Winter Haven,REPAIR SHOP,1670 3rd St. SW,Winter Haven,,33880,(863) 875-7286,,,Contacted,,,,,
Midas Cleveland Ave,REPAIR SHOP,4608 S. Cleveland Ave,Ft Myers,,33907,(678) 410-5657,,,Contacted,,,,,
Midas Brandon,REPAIR SHOP,"609 Robertson Street, West",Brandon,,33511,(678) 410-5657,,,Contacted,,,,,
Midas Dale Mabry,REPAIR SHOP,315 N. Dale Mabry,Dale Mabry,,33609,(678) 410-5657,,,Contacted,,,,,
Midas Miami Gardens,REPAIR SHOP,18525 NW 27th Ave,Miami,,,(305) 778-8018,,,Contacted,,,,,9/25 asked for email w/info
Midas Pembroke Pines,REPAIR SHOP,12391 Pembroke Rd,Miami,,,(305) 778-8018,,,Contacted,,,,,9/25 asked for email w/info
Midas Ventura,REPAIR SHOP,3949 E Main St,Ventura,CA,93003,(805) 223-9314,mancilla.mr@gmail.com,Marco Mancilla,In Review,229,200,,,10/15 Marco is very interested; sent contract
Midas S Nevada Ave,REPAIR SHOP,,,,,,,,Lead,,,,,
Midas S Academy,REPAIR SHOP,,,,,,,,Lead,,,,,
Midas N Academy,REPAIR SHOP,,,,,,,,Lead,,,,,
Midas Stetson Hill,REPAIR SHOP,,,,,,,,Lead,,,,,
Midas Pueblo,REPAIR SHOP,,,,,,,,Lead,,,,,
Midas Colfax,REPAIR SHOP,,,,,,,,Lead,,,,,
Midas 6th AVE,REPAIR SHOP,,,,,,,,Lead,,,,,
Midas Sheridan,REPAIR SHOP,,,,,,,,Lead,,,,,
Midas Colorado,REPAIR SHOP,,,,,,,,Lead,,,,,
Midas Englewood,REPAIR SHOP,,,,,,,,Lead,,,,,
Midas Greeley,REPAIR SHOP,,,,,,,,Lead,,,,,
Midas Fort Collins,REPAIR SHOP,,,,,,,,Lead,,,,,
Midas Longmont,REPAIR SHOP,,,,,,,,Lead,,,,,
Midas Boulder,REPAIR SHOP,,,,,,,,Lead,,,,,
Midas Glenwood Springs,REPAIR SHOP,,,,,,,,Lead,,,,,
Midas Grand Junction,REPAIR SHOP,,,,,,,,Lead,,,,,
Midas Fountain/Widefield,REPAIR SHOP,,,,,,,,Lead,,,,,
Midas Greensboro,REPAIR SHOP,105 College Rd,Greensboro,NC,27410,(336) 334-6221,,,Contacted,,,,,"Shop MGR took my info down, will pass it along to owner"
Midas Winston-Salem,REPAIR SHOP,7831 North Point Blvd,Winston-Salem,NC,27106,(336) 518-0702,,,Contacted,158,158,,,3/31 Jed (MGR on duty) said the shop is struggling with car count and revenue. I shared an overview of our program and CA success stories. He asked for more info via email to pass along to the district manager.
Mission Viejo Transmission & Auto Repair,REPAIR SHOP,27220 La Paz Rd m,Mission Viejo,CA,92692,(949) 583-1828,mvtransmission16@gmail.com,Kyle  Hurley,In Review,168.56 - 225.00,180,,,"2/2 Kyle is interested in partnering, basic labor rate starts at 168.56, and goes upto 225 for Euro, Exotic & EV' repairs.  I asked for $180. warranty labor rate.  2/13 Kyle isn't in tdy; logan filled out shop survey left a msg asking for him to call me back"
Montebello Tire Pros,REPAIR SHOP,830 W Whittier Blvd,Montebello,,,,info@mytirepros.com,Hugo,Contacted,,,,,"4/24-6 shops: montebello, burbank, san dimas, royal, simi valley; bullhead city, (AZ); 5/6 resent info; need to get ahold of hugo"
Moonlight Motors,REPAIR SHOP,274 N. Coast Hwy 101,Encinitas,,,(760) 479-7071,moonlightmotorsinc@gmail.com,martin smith,Contacted,,,,,"5/2 sent email, needs follow up call; 5/6 Owner isn't in often gotta keep trying"
Moorhead Automotive Center,REPAIR SHOP,740 N Texas St,Fairfield,,,(707) 429-4100,Wmk916@gmail.com; moorhead2021@gmail.com,Moe Kakar,Contacted,,,,,"6/2 LVM; 6/4 Moe's interested between Mo & his cousin they have close to 20 shops. 8/18 circled back Moe  doesn't work out of the shop ,  SA asked me to reach out via email."
Munoz's Automotive Repair,REPAIR SHOP,401 Old Coast HWY.,Santa Barbara,CA,93103,(805) 963-1121,David@munozauto.com,,Lead,,,,,11/17 LVM
Myers Automotive,REPAIR SHOP,936 N Andover Rd,Andover,KS,67002,(316) 768-7000,skonz@myersautoks.com - GM's cmyers@myersautoks.com - Owners,Chris Myers-owner; Stanley - GM,Contacted,,,,,"12/12 advisor asked me to send info for stanley to review, also sent info to Chris the owner of all 5 locations"
MZM Autowerks,REPAIR SHOP,23253 Madero,Mission Viejo,,,,,,Contacted,,,,Yes,5/6 shop is closed.
Neighborhood Car Care,REPAIR SHOP,1838 E Thompson Blvd,Ventura,CA,93001,(805) 641-2302,jeyoungerman@gmail.com,Jon,Contacted,,,,,"11/17 Jon wasn't in, sent email will follow up this week"
New Concept Auto Service,REPAIR SHOP,4119 Bonner Industrial Dr,Shawnee,KS,66226,(913) 286-1850,scott@newconceptauto.com,Scott,Contacted,,,,,"12/11 Scott is interested, would like to discuss with owners, they own 5 shops in KS with a 6th location scheduled to open in 2026. most repairs are menu priced but they are willing to discuss a labor rate if we partner together"
Next Level,REPAIR SHOP,1201 E Commercial Blvd Oakland Park,,FL,33334,(786) 325-7333,Nextlevelautoelectric@gmail.com,Williy,Contacted,,,,,"4/2 shop is busy, not sure if he can take on more, but asked for more info to review"
Nick's OC Auto Service,REPAIR SHOP,16291 Construction Cir E C,Irvine,CA,92606,(949) 552-8442,,,Lead,,,,,
Niels Auto Service,REPAIR SHOP,476 Los Angeles Ave STE A1-A3,Moorpark,CA,93021,(805) 379-4040,nielsautoservice@gmail.com,,Contacted,,,,,11/18 Left VM asking for a CB
Nishimoto Hybrids,REPAIR SHOP,1530 G St,Reedley,CA,93654,(559) 550-3840,nishimotohybrids@gmail.com,,Contacted,,,,,"10/30 shop is very busy w/ work, doesn't need more work- but was intrested in discussing OEM program w/wife owner."
North County Automotive,REPAIR SHOP,2477 S. Santa Fe Ave.,Vista,CA,92083,(760) 456-8939,service@northcountyautomotive.com,Erik,Contacted,,,,,Cindy asked for info to be emailed to have Erik look it over
North Highlands Tire Pros,REPAIR SHOP,5851 Watt Ave,North Highlands,CA,95660,(916) 332-1603,nss95660@gmail.com,Rodrigo - MGR;  Donavan - SA,Contacted,,,,,"10/8 sent info to Rodrigo, need to follow up"
NorthStar Smog And AutoCare,REPAIR SHOP,10657 Coloma Rd,Rancho Cordova,CA,95670,(916) 346-4251,nstar10655@gmail.com,Eric,Contacted,175,,,,"10/8 asked for more info, need to follow up"
Novacek Automotive,REPAIR SHOP,2928 S Hoover Rd,Wichita,KS,67215,(316) 729-7646,,Joe & Kimberly - founders,Contacted,,,,,12/9 LVM asking for a CB; 1/9 sent info email
Number One Auto Center Body Shop & Auto Repair,REPAIR SHOP,1500 Long Beach Blvd,Long Beach,CA,90813,(562) 599-2837,,Jose or Joseline,Contacted,,,,,2/10 owner and MGR were in a meeting try back in an Hr. 2/12 left msg for Joseline to call me back
Old Town Auto Works,REPAIR SHOP,5501 Reynolda Rd,Winston-Salem,NC,27106,(336) 924-4939,,,Contacted,,,,,"4/8 busy tone, no answer"
One Stop Auto Care,REPAIR SHOP,225 Eubank Blvd NE,Albuquerque,NM,87123,(502) 293-1181,onestopauto225@gmail.com,Steve Rayborn,Contacted,205,185,,,"4/9 Steve owner is interested, has done some HV batteries already and other EV work."
Orangevale Tire & Auto Repair,REPAIR SHOP,9216 Greenback Ln,Orangevale,CA,95662,(916) 988-4528,orangevalegoodyear@gmail.com,Mike,Contacted,175,,,,"Britney SA, asked for info via email. so Mike & ownership to review. need to follow up"
Ocean Repair Services,REPAIR SHOP,,,,,(626) 560-9646,oceanrepairserice@gmail.com,,Contacted,,,,,11/4 need to follow up.11/4 shop replied via tex; 11/5 mobile service supporting fisker ocen
Oceanside Tire and Service,REPAIR SHOP,"499 College Blvd Ste A, Oceanside CA, 92057",,,92057,(760) 547-7660,oceansidetire@yahoo.com,Kyler shockley,Contacted,200,,,,4/16 Kyler (owner) is interested asked for info to discuss with bus-partner.
Pacific Coast Tire & Service,REPAIR SHOP,2445 Santa Monica Blvd,Santa Monica,,,(310) 828-2555,michael@pactires.com,,Contacted,,,,Yes,"5/6 $185-LR, 3 locations in socal,"
Pacific Star Auto,,150 Jacqua St,Chula Vista,,91911,(619) 423-0336,,,Lead,,,,Yes,
Patriot Complete Auto Care,REPAIR SHOP,2530 W. Commercial Blvd,Ste C. Tamarac,FL,33309,(954) 990-7936,patriotautocare123@gmail.com,Alex,Contacted,185,,,,"4/2 asked me to call back in an hr; took my info down. 4/3  spoke w/ Alex, sent info email so he can discuss w/ owner."
Pat's Garage,REPAIR SHOP,1090 26th Street,San Francisco,,,(415) 403-2003,info@patsgarage.com; forrest@patsgarage.com,pat or forrest,Contacted,,,,,"5/12 works on fisker, asked for info to have owner review.; 8/4 Pat & Forrest are out of town, Try Back 8/12; 8/22 LVM asking for a CB. Forrest CB asked for more details to go over w/ Pat.  11/03 LVM; 11/04 Forest isn't in yet, advisor took my name & # to have him call me back; 2/5 Alex -said they're ot interested; sent a follow up email to Forest."
PeerLess Automotive,REPAIR SHOP,800 E Santa Fe St,Olathe,KS,66061,(913) 747-9090,sale@peerlessauto.com,,Lead,,,,,12/11 shops interested in partnership asked for info to go over w/ owner follow up Fri or next week
Perris Auto Repair,REPAIR SHOP,5168 Western Way,Perris,CA,92571,(951) 943-2677,tigerandsons@perrisautorepair.com,"Maro, Khalid; Lorenzo",Contacted,195,,,,10/22 Lorenzo asked for additional info to show Maro & Khalid.
PEX Auto Repair,REPAIR SHOP,23061 Antonio Pkwy h,Rancho Santa Margarita,CA,92688,(949) 264-6140,premierexpertauto@gmail.com,Ray,Contacted,170,,,,"2/2 spoke w/Ray's son, asked for email- Ray will look over info and get back"
Platte City Service Center,REPAIR SHOP,2439 NW Prairie View Road,Platte,MO,64079,(816) 903-2886,,,Contacted,,,,,"12/19 owners are in OKC,  they own fast lap . will follow up with them,"
Precision Auto Care,REPAIR SHOP,13990 E 14th St,San Leandro,,,(510) 351-8211,precisionautocaresanleandro@gmail.com,Jim Yamini,Contacted,,,,,12/5 Jim was intrigued. Wanted to ask techs what they thought. send email and follow up after the holiday.  5/7 Jim was busy try calling back b4 end of day
Precision Tune Auto Care,REPAIR SHOP,6040 Nieman Rd,Shawnee,KS,66203,(913) 631-3714,percisiontunekc@gmail.com,Chuck Duckworth,Contacted,140,,,,"12/12 sent info for owners review, follow up next week"
Preferred Auto Centre,REPAIR SHOP,3111 E Thousand Oaks Blvd,Thousand Oaks,,,(805) 373-1223,support@preferredautocentre.com,marc-SA,Contacted,,,,,Marc-owner is looking to get into EV's
Precision Collision Repair,REPAIR SHOP,9912-B Capital Blvd.,Wake Forest,NC,27587,(919) 435-7023,stacy.precisioncolision@gmail.com,Neal,Contacted,125,,,,"1/20 LVM, 1/21 shop calledback, interested but the shop might need to move locations as soon as june/july the city might take over ther location."
Premier Auto BOdy,BODYSHOP,150 Premier Dr,Holly Springs,NC,27540,(919) 285-1017,derek@premierautobody.us,Derek Fox,Contacted,,,,,"1/27 LVM, Derek owns 55 Auto Works,"
Prius Express / Hybrid Express,REPAIR SHOP,11930 Sheldon St,Sun Valley,CA,91352,(818) 433-4334,,,Contacted,,,,,11/10 LVM
Priuskings Hybrid Repairs,REPAIR SHOP,"Constellation Place, Constellation Blvd suite 100",Los Angeles,CA,90067,(310) 730-7370,info@priuskings.com,,Contacted,,,,,"11/10 network of mobile techs, asked for info to look over."
Priuskings Hybrid Repair KC,REPAIR SHOP,435 E 55th St,Kansas City,MO,64110,(816) 371-5337,,,Contacted,,,,,12/10 sent email; 1/12 email is the only way to contact shop.
Pulido's Auto Repair inc,REPAIR SHOP,130 W Walnut Ave A-12,Perris,CA,92571,(951) 943-2898,j_pulidos@hotmail.com,Jorge,In Review,150,150,,,"10/23 Jorge asked for a CB after 330;  11/24 Jorge is interested sent info & contract; 11/26  still need contract & forms completed,"
Purrfect Auto Service,REPAIR SHOP,407 Topeka Street Oceanside,,CA,92054,(760) 967-8888,autotronictech@gmail.com,Mr Porter,Contacted,200,,,,4/14 corp shop 29 shop in CA; 9 in NV
QR Auto Clinic LLC,REPAIR SHOP,23 Hampton Park Blvd,Capitol Heights,MD,20743,,qrautoclinic23@gmail.com,Quincy Roberts,In Review,140,140,,,"4/7 Quincy is interested, asked for more info & contract"
Quality Automotive and Diesel,REPAIR SHOP,177 N Sunnyside Ave #100,Clovis,CA,93611,(559) 321-8662,,,Contacted,,,,,number not valid
Quality Tune-Up Shops,REPAIR SHOP,10801 Folsom Blvd,Rancho Cordova,CA,95670,(916) 831-7816,ranchocordova@myqualitytuneup.com,Nate Juan,Contacted,165,,,,"Estrella gave me Email, Nate & Juan are not in, sent info email."
Quality Tune Up & Auto Repair Center,REPAIR SHOP,2545 Arden Way,Sacramento,,,,,,Lead,,,,,
Quality Tune Up & Auto Repair Center,,3846 Fruitridge Rd,Sacramento,,,,,,Lead,,,,,
Quality Tune Up & Auto Repair Center,,2501 Northgate Blvd,Sacramento,,,,,,Lead,,,,,
R&N Complete Auto Repair,REPAIR SHOP,18563 Valley Blvd,La Puente,CA,91744,(626) 965-1029,Rafarepair@verizon.net,,Contacted,150,,,,10/23 owner not in needs a CB tomorrow; Rafa is out of town till after thanksgiving
Raleigh EV,REPAIR SHOP,130 Annaron Ct,Raleigh,NC,27603,(919) 578-1128,matt@raleighev.com,,Contacted,,,,,"12/4 LVM, sent info;"
Raleigh Hybrids,REPAIR SHOP,4009 Mitchell Mill Rd,Raleigh,NC,27616,(984) 300-1531,ernieleesservice@yahoo.com,,Lead,,,,,
Rasmussen Auto Repair,REPAIR SHOP,1023 N Maple Ave,Fresno,CA,93702,(559) 251-0669,rar@rasmussenauto.com,,Contacted,,,,,10/28 left msg w/ reception alogn w/ my number & sent info email.
Ray's Auto Repair & Tires,REPAIR SHOP,2333 El Camino Real,Redwood City,,,(650) 367-8218,raysautorc@gmail.com,Hassan Ali - Owner,In Review,,,,Yes,Wanted email with info and Contract.  Will send email first then f/u with contract;  4/17 asked us to resend email info;  5/7 Ali said Hassan isn't in call another day.  8/18 Hassan not in.
Recharged,REPAIR SHOP,8410 W. Broad St,Richmond,,23294,(804) 390-5910,josh@recharged.com,Josh Adams,Contacted,,,,,"5/7 EV sales only, Haley suggested still sending an info email to Josh"
Reed's Automotive,REPAIR SHOP,57 Taylor Ct A,Thousand Oaks,CA,91360,(805) 374-9221,reeds.automotive.toaks@gmail.com,Liz ; John-owner,Contacted,195,,,,11/18 Liz asked for Email so John could review
Reel Deal EV,REPAIR SHOP,8520 Bramwell Way,Tampa,FL,33647,,chad@reeldealev.com,Chad,Lead,,,,,1/8 sent info email.
Regal Repair,BODYSHOP,5430 Cahuenga Blvd,North Hollywood,,,(818) 505-1442,info@regalrepair.com,hayk,Contacted,185,,,,"8/18 interested, asked for infor - will follow up by 8/19"
Relentless Collision,BODYSHOP,2620 Westinghouse Blvd,Raleigh,NC,27604,(919) 747-9165,,,Contacted,,,,,"12/22 LVM; Thomas - GM called back, this location isn't working on VF cars only the Cary NC location is."
Relentless Collision,BODYSHOP,1640 Piney Plains Rd,Cary,NC,27518,(984) 465-1026,jessfarley13@relentlesscollision.com,Jess Farley,Contacted,,,,,"12/23 this is the VF collision center, Jess is out check back after holiday to discuss VF warranty partnership"
Rick's Car Care,REPAIR SHOP,211 Betteravia Rd,Santa Maria,CA,93455,(805) 937-6033,,,Contacted,,,,,11/14 not really near any VF cars; could be a good partner not for VF
RiteWay Diagnostic Specialists,REPAIR SHOP,1427 Long Beach Blvd,Long Beach,CA,90813,(310) 325-6168,,,Contacted,,,,,"2/11 closed shop, is only doing mobile repairs right now"
RM Automotive,REPAIR SHOP,18434 Bryant St,Northridge,,,(818) 626-3118,Kyle@RMAuto.com,Mike,Contacted,,,,,"5/7 SA is interested, wants me to connect w/ Mike the owner took my info down & will have owner call me; 6/6 LVM for Mike; 8/18 advisor Kyle"
Ron Catt Auto Care,REPAIR SHOP,15841 Chemical Lane,Huntington Beach,CA,,(714) 893-2020,ron@cattautocare.com,Ron Catt,Contacted,,,https://teslaservice.la/,,"5/7 info sent for Owners review; 5/13 resent info directly to Ron, owner will review and see if he wants to move frwd. 8/18 spoke w/ Ron today asked me to resend email & we will have a follow up call end of this week or begining of next week."
Rony's Car Pros,REPAIR SHOP,4232 Sepulveda Blvd,Culver City,,,(310) 559-6463,rachel@ronyscarpros.com,Rony Herrera,In Review,,,,,"5/8 works on teslas & EV's, Rachel asked for info will pass along to Rony on Monday.  5/15 Rony is looking over info & agreement; 8/18 SA took my # will have Rony CB"
Romita Auto Service,REPAIR SHOP,4909 E Dakota Ave,Fresno,CA,93727,(559) 485-5675,romita-auto@hotmail.com;  romitaserviceas@gmail.com,Aby - MGR; Nestor-  owner,Contacted,220,,,,"10/1 Christian SA provided Ops email to send follow up. 10/3 follow up email sent;  10/28 Left msg w/ Jakie askin Aby to call me back; 2/12 Aby provided an alternet email to send info to.  4/13 connected w/ Nestor owner, he's interested"
RPM Auto Center,REPAIR SHOP,110 East Longden Ave,Irwindale,,,(626) 436-3880,manager@rpmautocenter.com,Manager Mike. Teddy 11/20 send info and follow up only do tire rotations and brake fluid but maybe?,Contacted,,,,Yes,
S2 Dynamics,REPAIR SHOP,12058 Parklawn Dr,Rockville,MD,20852,(301) 881-1283,info@s2dynamics.com,Patrick,Contacted,168,,,,"4/7 Lary provided email & LR, asked me to email info to Patrick"
Sacto Auto Repair,REPAIR SHOP,11009 Hole Ave,Riverside,CA,92505,(951) 689-6977,,,Contacted,,,,,10/20 LVM
Sal Auto & Body Repair,REPAIR SHOP,701 Kings Row #55E,San Jose,CA,95112,(408) 646-7619,,,Contacted,,,,,8/19 LVM
Sam Auto Hybrid,REPAIR SHOP,3029 Enterprise St Ste C,Costa Mesa,CA,92626,(310) 228-0105,hello@samautohybrid.com,Kourosh-owner,Contacted,,,,,11/6 LVM on 310#; VM on 714# is full; Angel answered the 949#; said the 310# is Kourosh  direct #
Schmidty's Garage,REPAIR SHOP,19300 Beach Blvd,Huntington Beach,,92648,(714) 593-4094,schmidtysgarage@msn.com,Shane Schmidt - president,Contacted,,,https://yorbalindaautoservice.com/,,12/20 - called.  Referal from felipe - our mobile tech who stopped in to the shop. Spoke with Shane.  Very crusty but seemed to warm up. Send email wiht info; 5/13 took # down will pass along info to Shane.
schneiderautohaus,REPAIR SHOP,2703 De La Vina Street,Santa Barbara,,,(805) 617-0606,Paulahinck@schneiderautohaus.com,Henry & Paula Hinck-Owners; reza,Contacted,,,,,6/9 Paula is out of the contry for 3 weeks-check back 1st week of July
Schneider's Automotive Repair,REPAIR SHOP,607 E Los Angeles Ave,Simi Valley,CA,93065,(805) 581-2340,,Ken & Paula Fay; JoeService MGR; Danny Shop Foreman,Contacted,,,,,11/13 Joe will have Danny (foreman) call me back
Scotty's Auto Repair - Bakersfield,REPAIR SHOP,6607 Rosedale Hwy,Bakersfield,CA,93308,(661) 477-3985,,,Contacted,,,,,10/29 left VM
Seiko's Auto Service,REPAIR SHOP,804 E Huntington Dr,Monrovia,CA,91016,(626) 239-1793,Seikosautofront@gmail.com,Seiko Nagata,Contacted,,,,,11/10 SA provided owners email; Seiko isn't in regularly
Sergio's Auto Repair,REPAIR SHOP,914 W Wooley Rd,Oxnard,,93030,(805) 483-7901,eddie_vah@yahoo.com,Sal,Contacted,,,https://candmautomotivesanbruno.com/,,6/9 sent info to Eddie-will pass along to Sal-owner
Sigma Auto Repair,REPAIR SHOP,18471 Repair Ln,Huntington Beach,CA,92648,(714) 875-5005,sigmaautorepair@usa.com,Jim,Contacted,,,https://collisionbodyspecialist.com/,,Does Hybrid battery work; 5/8 asked for a CB Fri. 5/13 Jim wants a call 5/14 between 8am -9am; 5/14 in a meeting asked for a CB
Signature Performance Tire Pros,REPAIR SHOP,2177 Harbor Boulevard,Costa Mesa,,92627,(714) 850-0060,daniel@signatureptw.com,Daniel stewart,Contacted,,,https://hybridbatteryrepairsandiego.com/contact.html,,5/8 sent info to Daniel owner.
Sky's Auto Collision & Auto Repair,REPAIR SHOP,1914 County rd 547,Davenport,FL,33837,(863) 438-2015,skysautocollision@gmail.com,Jeffery,Contacted,,,,,"1/20 owner is in-out of shop, advisor asked for an email & took my # down to have Jeffery call me back"
SeeDee Oil Change & Auto Service,REPAIR SHOP,5490 Dewey Dr,Fair Oaks,CA,95628,(916) 965-8017,,,Contacted,,,,,"10/8 full auto repair shop, need to follow up"
South Seneca Car Care,REPAIR SHOP,3118 South Seneca St,Wichita,KS,67217,(316) 522-1641,southsenecacarcare23@gmail.com,Mitch,Contacted,125,,,,12/9 Nick provided email address to pass along to Mitch
Star Tech Auto Repair,REPAIR SHOP,490 E COTA,Santa Barbara,CA,93101,(805) 687-6500,sbstartech@gmail.com,kevin,In Review,150,150,,,"11/17 Kevin's interested, asked for more details; 11/26 will not be able to make it to training in Irvine.. prefers Online training."
Stewart's Body Shop,,12540 San Pablo Ave,Richmond,CA,94805,(510) 235-3515,,,Contacted,,,,,2/4 only works on mechanical when it's part of a collision repair
Studio Auto Body,BODYSHOP,1760 Mill St #1,Wailuku,HI,96793,(808) 856-0511,studioautobodyinc@gmail.com,Jeremiah Becker,Contacted,,,,,"9/24 contacted shop, waiting on Jeremiah's CB"
SULLYS AUTO SHOP,REPAIR SHOP,17152 Palmdale Ln,Huntington Beach,CA,92647,(714) 841-1245,sullysautorepair@verizon.net,"Robert ""Sully"" Sulivan",In Review,,,,,"5/14 sent contract; 5/30 asked for repair plan examples, will reach out with additional questions; asked Robert if hes ready to movefwrd.; checked in with Robert to see if hes ready to movefrwrd"
Sunnyside Auto Repair,REPAIR SHOP,5977 E Clinton Ave,Fresno,CA,93727,(559) 292-1986,jeff@sunnysideautorepair.com,Brandy,In Review,175,,,,"10/1 Brandy owner is interested, asked for more info & contract; 10/21 left msg asking for a CB; 10/24 Left MSG asking for a CB; 10/28 left msg w/ advisor asking for Brandy to call me back."
Super Auto Repair,REPAIR SHOP,5655 Van Buren Boulevard # A,Riverside,CA,92503,(951) 977-9733,superautorepair66@gmail.com,Enrique,Contacted,150,,,,10/20 LVM;  10/27 left MGS w/ Cruz asking her to have Enrique call me back.
Super Service of Aliso Viejo,REPAIR SHOP,27802 Aliso Creek Rd,Aliso Viejo,,,(949) 831-1525,bob@superserviceav.com,Bob Conwall,Contacted,,,,,"5/13 sent info, they have 4 shop,"
Space Coast EV Automotive LLC,REPAIR SHOP,241 Thor Ave SE STE 1,Palm Bay,FL,32909,(321) 261-0070,info@space-ev.com,Stephan & Stephanie aweh,Contacted,220,190,,,"1/7 performs SW updates, works on Porche, Tesla, Rivian, Remac;  owns a company/ RND shop in germany too."
Tech Automotive Repair LLC,REPAIR SHOP,7608 Grier Rd,Charlotte,NC,28213,(704) 526-0300,,,Contacted,,,,,12/22 VM is not setup yet. CB 12/23
Ten-Four Auto Repair Center,REPAIR SHOP,12722 Philadelphia St,Whittier,,,(562) 945-1240,customers@tenfourauto.com,johan,Contacted,,,,,5/13 sent info
Tesla Service.LA,BODYSHOP,5556 Corporate AVe,Cypress,,90630,(657) 222-4020,support@tsk.club,Alex,Contacted,,,,,5/21 asked for info.
Teslamania / Electric City,REPAIR SHOP,775 E San Bernandino Rd,Covina,CA,91030,(714) 735-4537,teslamaniagarage@gmail.com,Cesar Lauro,Contacted,220,180,,,"8/14 Cesar is interested, asked for contract. shop is moving from Covina to Garden Grove  new location is going to be ready in 3-4 weeks"
The Auto Experts Tire & Service,REPAIR SHOP,505 30th St,Sacramento,CA,95816,,scott@sacramentoautoexperts.com,Scott,Contacted,220,,,,"10/20 call scheduled; 10/22 Scotts new to the company, 6th day on the job."
The Auto Experts Tire & Service,REPAIR SHOP,6101 Folsom Blvd,Sacramento,CA,95819,,scott@sacramentoautoexperts.com,Scott,Contacted,220,,,,10/20 call scheduled
The Auto Trends,REPAIR SHOP,431 Battleground Ave,Greensboro,NC,27401,(336) 544-7276,,,Contacted,,,,,"12/23 called shop, advisor provided John's # the owner.  3/30 LVM for John.; 3/31 sent John a txtmsg"
The Body,BODYSHOP,98 Yeargan Rd,Garner,NC,27529,(919) 803-3287,,,Contacted,,,,,12/22 LVM
The EV Reviver,REPAIR SHOP,2015 N Tustin Ave B,Santa Ana,CA,92705,(949) 749-5596,leon@evreviver.com,Leon,Contacted,250,,,,"11/5 has heard of us, we reached out before I joined, went over our new OE partnership asked about how quickly we issued payouts, and then asked me to email info"
The Garage,REPAIR SHOP,340 10th St,San Francisco,,,(415) 864-0111,kyle.garagesf@gmail.com;  Danny Chan,spoke with Ray.  not sold but willing to take email to Kyle ( service mgr),Contacted,,,,,spoke with Ray.  not sold but willing to take email to Kyle ( service mgr)
The Garage - Burlingame,REPAIR SHOP,1394 Rollins Rd,Burlingame,,,(650) 389-7488,alyssa.thegarage@gmail.com,danny Chan- Owner;  Alyssa -Advisor,Contacted,,,,,
The Garage LLC,REPAIR SHOP,610 N Maize Rd,Wichita,KS,67212,(316) 440-9380,thegaragemaize@gmail.com,Antonio - advisor; John - owner/master tech,Contacted,,,,,"1/9 Antonio wasn't sure if owner would be interested, sent info will follow up in a week or two"
Tip Top Hybrid,REPAIR SHOP,1894 W 9th St,Upland,CA,91786,(909) 238-7028,TTACSTIPTOP@yahoo.com,,Contacted,,,,,11/10 LVM
TL Motors,REPAIR SHOP,132 E Front St,Covina,,91723,(626) 722-5743,TLmotorsparts@gmail.com; TLmotorsinc@gmail.com - Owners email,Gaby Ama - service advisor manager; Carson - Owner,Contacted,,,,,"12/12 Spoke with Gaby - very intersted. Send email with details and also agreement in a separate email. 12/19 - gaby forwarded email to owners. Will let me know their feedback. 4/17/25called asked for Gaby, was asked by service advisor to resend email; 5/13 sent info to owners email."
Tokyo Automotive of Orange Coast,REPAIR SHOP,1281 Logan Ave,Costa Mesa,,,(714) 515-6979,,,Contacted,,,,,"5/13 shop closes Sat, Sun, & Mon.  Tue-Fri shop closes  for lunch between 12-pm  2 locations"
Tom's Automotive Service Center,REPAIR SHOP,4401 East Anaheim St,Long Beach,,,(562) 424-0404,tom@tomstire.com,Tom,Contacted,,,,,"5/13 owner was gone for the day, sent email ."
Tony's Collision Center,REPAIR SHOP,104 11th St,San Francisco,,,(415) 431-4606,tonyscollisoncenterSF@gmail.com,Spoke with Marco,Contacted,,,,,
Tonys Automotive,REPAIR SHOP,23253 Madero Ste A112,Mission Viejo,,,(949) 305-1425,mark@tonysautomotive.com,Mark,Contacted,,,,,5/9 LVM/sent info
Toscalito Tire & Service,REPAIR SHOP,5800 Paradise Dr,Corte Madera,,,(415) 924-8810,paul@toscalito.com,Dan & Paul- Managers,Contacted,,,,,"Dan mgr not interested, need to get ahold of owner"
Toscalito Tire & Service,REPAIR SHOP,101 A Rblar Dr,Novato,,,(415) 324-4476,l.connor@toscalito.com; 2nd email- mgr3444@sun.auto,Leigh Connor-MGR,Contacted,,,,,Eric - MGR
Toscalito Tire & Service,REPAIR SHOP,2342 Lombar St,San Francisco,,,(415) 634-0981,l.winfrey@toscalito.com;,Loren Winfrey-MGR,Contacted,,,,,jamie MGR; Sam Advisor
Toscalito Tire & Service,REPAIR SHOP,668 Irwin St,San Rafael,,,(415) 688-2789,e.remas@toscalito.com,Eli Remas - MGR,Contacted,,,,,Eli asked for info
Triad Select Auto,REPAIR SHOP,1071 Boulder Rd,Greensboro,NC,27409,(336) 907-7012,triadselectauto@gmail.com,clayton,Contacted,160,,,,4/8  SA suggest  emailing info & providing callback #
Trinity Auto Service,REPAIR SHOP,3415 S Broadway,Wichita,KS,67216,(316) 529-0690,,,Lead,,,,,"12/9  not set up for EV repairs, mentioned two shops that might be able to help. Central Auto Electric & Auto Smart."
TuneRite Complete Auto Repair and Service,REPAIR SHOP,"1990 Nw 1st Ave, Boca Raton, Fl 33432",Boca Raton,,33432,(561) 269-8284,bocaraton@tuneriteauto.com,Julio,Contacted,223,,,,1/14 Service advisor asked me to email info so owner can review.  two locations...  labor rate might be too high need to discuss w/ owner.
TuneRite Complete Auto Repair and Service,REPAIR SHOP,5460 Reese Rd,Davie,FL,33314,(954) 513-4756,davie@tuneriteauto.com,Julio,Contacted,,,,,"1/14 2nd location, sent email too"
Tung Auto Repair,REPAIR SHOP,2345 Senter Rd,,,95112,(408) 993-9966,tungauto2021@gmail.com,tung,Contacted,,,,,6/5 SA asked me to send info to owner
United Auto Repair and Body,REPAIR SHOP,931 McHenry Ave,Modesto,CA,95350,(209) 900-2222,,,Lead,,,,,8/20 Left msg w/ recepionist asking mgr to CB
UNITED HYBRID & EV Service,REPAIR SHOP,6971 Bandini Blvd,Commerce,CA,90040,(949) 386-3666,unitedhybrid50@gmail.com,Bob,Contacted,180,,,,5/12 Bob assked for info to review with owner; Bob hasn't reviewed will reach out soon; 5/22 LVM; 11/5  Bob will discuss with partners and get back to me.
Unplugged Performance,SPECIALIST,"3523 Jack Northrop Ave, Hawthorne CA",Hawthorne,,90250,(213) 493-6323,avi@unpluggedperformance.com,Avi Fischer,Contacted,,,,,Filled out partner form on our website.. 3/6/25. Phoned and emailed;  5/7 resent info email
Unplugged Performance - Fremont,SPECIALIST,46701 Fremont Blvd,Fremont,CA,94538,(510) 573-4907,,Derek Letourneau,Contacted,,,,,8/7 connected by Nate lvm. 8/8 LVM waiting on a CB.
Vacaville Autopro,REPAIR SHOP,807 Davis St Suite G,Vacaville,,95687,(707) 689-5849,visharma1005@gmail.com,Vishan,Contacted,,,,,"6/5 owner -Vishan asked for info, interested"
V.E.S.T,REPAIR SHOP,2907 Humboldt St,Los Angeles,CA,90031,(818) 239-0955,infovestfix@gmail.com,Aidar Gadiev,In Review,150,150,,,"11/4 VM not set up; need to try back;.. 11/5 Aidar is very interested, asked for more info will look over anc CB. 11/7 shop replied to Email with additional questions before signing up. 11/7 Aidar called asked for contract to review. 11/14 followed up and asked for ETA on signed agreement. 11/21 resent contract, informed Aidar that I need it signed and returned no later than Mon 11/24 if he wants to get on the VF program. 11/26 no response/ no movement in airtable. not going to training."
Vertical Automotive,REPAIR SHOP,707 NE 11th St,Fort Lauderdale,FL,33304,(954) 565-1518,contact@verticalautomotive.com;,Eugene,Contacted,,,,,"1/13 Reece, will let owner & MGR know; asked me to email info aswell they will reachout.  shop is doing EV services already.; 4/2 shop asked me to resend Eugene an email for him to review."
Werkshop,REPAIR SHOP,1317 N Carolan Ave,Burlingame,CA,94010,(650) 588-8384,info@tunedby.ws,Andy,Contacted,,,,,"8/14 Service advisor, asked for info emailed, will have Andy Review."
Westlake Independent Automotive,REPAIR SHOP,31290 La Baya Dr Unit #1,Westlake Village,CA,91362,(818) 889-0377,bnation@westlakeindependent.com,Bruce,Contacted,218.5,,,,"8/13 – Shop interested; busy, requested info via email, will review & follow up. Wants to earn on parts for all ROs."
West Auto Center,REPAIR SHOP,7539 Balboa Blvd,Van Nuys,,,(818) 989-4811,contact@westautocenter.com,Mike - Owner. Spoke with Darren Service Advisor,Contacted,,,,,
West Automotive Group Escondido,REPAIR SHOP,2200 Auto Park Way Suite A,Escondido,,92029,(760) 614-8856,brian@westautomotivegroup.com,Brian,Contacted,,,,,"5/9 sent info to owner, 5 shops in SD; 5/13  sent follow up email."
West Automotive Group Oceanside,REPAIR SHOP,,,,,,,,Lead,,,,,
Wheat State Automotive Repair,REPAIR SHOP,5522 East Harry Street,Wichita,KS,67218,(316) 425-8705,,,Contacted,,,,,"12/12 small shop 2 two post lifts, 1 drive on,"
Woody's Automotive,REPAIR SHOP,4645 E Central Ave,Wichita,KS,67208,(316) 260-2880,,,Contacted,,,,,12/26 LVM
Woody's Automotive,REPAIR SHOP,3250 W 13th St N,Wichita,KS,67203,(316) 838-8011,,,Contacted,,,,,12/26 LVM
Yorba Linda Auto Service,REPAIR SHOP,801 South Lakeview Ave. Ste G,Placentia,CA,92870,(714) 970-8774,dan@yorbalindaautoservice.com,Dan Guy,In Review,,,,,"7/16 not sure on teslas, interested in VF"