Shop name,Admin link,motherduck shop id,VinFast Dealer Code (from Admin),RW Dealer Code (from Admin),Send welcome email (If zoho contract missing),Shop email address,VF Onboarding status,Shop status,Operational Status,Go-live week,Shop address,Send VF Email,VF Email sent date,RepairWise: Schedule VinFast in-person Technical training,RepairWise: Conduct portal walkthrough,VinFast: Create dealer portal account and add shop address to STP address list with supplied email address,VinFast: VCI: Ship scan tool to shop with supplied address,DSA / VDSA Activated,RepairWise: DSA: Log serial number in spreadsheet,Stock parts order,Welcome Email sent date,pm_count,routableId,Routable status,Routable - Last 4 of account number,ADAS calibration equipped,ADAS summary,Create Shop Profile,Add shop to quickbooks and Routable,Technical training completed,Owner webinar complete,DSA / VDSA Account Received and Sent to Shop ,DSA / VDSA Account Requested ,Wall Charger Ordered ,VCI Ordered,VDSA Ordered,Shop has DSA/VDSA/Portal access and wall charger installed ,Shop Activated ,VinFast notified,Month 1 check in performed,Month 1 check-in date,Month 2 check-in performed,Month 2 check-in date,VF notified,Return unused parts,Return VF Equipment ,Labor Rate Requested,Labor Rate Approved,Booking URL for tow-ins,Physical Address (from Dealer link),OB Notes,last_routable_link_sent_at,last_routable_link_status,last_routable_error
Mapleview Collision,,,,,,mapleviewcollision@gmail.com,,,,,,,,,,,,,,,,,,No Routable account,,,ADAS Calibrations: ❌,,,,,,,,,,,,,,,,,,,,,,https://app.fixlane.com/sign-up?book_now=tow&oem=vinfast&shop_id=,,,,,
Serenity EV,,,,,,sev@serenityevrepair.com,,,,,10937 N Solar Canyon Way #108,,,,,,,,,,8/11/2025 2:00pm,,,No Routable account,,,ADAS Calibrations: ❌,,,,,,,,,,,,,,,,,,,,,,https://app.fixlane.com/sign-up?book_now=tow&oem=vinfast&shop_id=,,,,,
Energized - EV,,,,,,steve@energized-ev.com,,,,,"187 Pacific St., Pomona, CA 91768

",,,,,,,,,,,,,No Routable account,,,ADAS Calibrations: ❌,,,,,,,,,,,,,,,,,,,,,,https://app.fixlane.com/sign-up?book_now=tow&oem=vinfast&shop_id=,,,,,
Electric City,,,,,,teslamaniagarage@gmail.com,,,,,"775 W San Bernardino Rd Covina, CA 91722",,,,,,,,,,,,,No Routable account,,,ADAS Calibrations: ❌,,,,,,,,,,,,,,,,,,,,,,https://app.fixlane.com/sign-up?book_now=tow&oem=vinfast&shop_id=,,,,,
Advanced Auto ,,,,,,Advancedauto2013@yahoo.com,,,,,,,,,,,,,,,8/26/2025 7:27am,,,No Routable account,,,ADAS Calibrations: ❌,,,,,,,,,,,,,,,,,,,,checked,checked,https://app.fixlane.com/sign-up?book_now=tow&oem=vinfast&shop_id=,,,,,
Honest 1 Auto Care Diamond Bar,,,,,,harry.downs45@yahoo.com,,,,,,,,,,,,,,,,,,No Routable account,,,ADAS Calibrations: ❌,,,,,,,,,,,,,,,,,,,,,,https://app.fixlane.com/sign-up?book_now=tow&oem=vinfast&shop_id=,,,,,
GAB COLLISION CENTER,GAB COLLISION CENTER,5eae0a10-4ea2-4bb3-9408-9b4adcb5a83a,,441592,,ALEX@GABCOLLISION.COM,,,,,"21410 Parthenia St, Canoga Park, CA 91304",,,,,,,,,,9/9/2025 4:17pm,,,No Routable account,,,ADAS Calibrations: ❌,,,,,,,,,,,,,,,,,,,,,,https://app.fixlane.com/sign-up?book_now=tow&oem=vinfast&shop_id=5eae0a10-4ea2-4bb3-9408-9b4adcb5a83a,,,,,
"Midas Bay Shore, Seaford",,,,,,dastgir.abbas@gmail.com,,,,,,,,,,,,,,,9/20/2025 3:07am,,,No Routable account,,,ADAS Calibrations: ❌,,,,,,,,,,,,,,,,,,,,,,https://app.fixlane.com/sign-up?book_now=tow&oem=vinfast&shop_id=,,,,,
GT Pit Stop,,,,,,gtpitstop2019@gmail.com,,,,,,,,,,,,,,,,,,No Routable account,,,ADAS Calibrations: ❌,,,,,,,,,,,,,,,,,,,,,,https://app.fixlane.com/sign-up?book_now=tow&oem=vinfast&shop_id=,,,,,
Midas Sacramento Downtown,,,,,,KARIMZ90@GMAIL.COM,,,,,,,,,,,,,,,,,,No Routable account,,,ADAS Calibrations: ❌,,,,,,,,,,,,,,,,,,,,,,https://app.fixlane.com/sign-up?book_now=tow&oem=vinfast&shop_id=,,,,,
"Midas Sacramento West, Carmichael, Fremont",,,,,,kurt@inclinedmotors.com,,,,,,,,,,,,,,,,,,No Routable account,,,ADAS Calibrations: ❌,,,,,,,,,,,,,,,,,,,,,,https://app.fixlane.com/sign-up?book_now=tow&oem=vinfast&shop_id=,,,,,
"Midas Vacaville, San Leandro, Fremont",,,,,,deep42100@yahoo.com,,,,,,,,,,,,,,,11/12/2025 4:22pm,,,No Routable account,,,ADAS Calibrations: ❌,,,,,,,,,,,,,,,,,,,,,,https://app.fixlane.com/sign-up?book_now=tow&oem=vinfast&shop_id=,,,,,
Midas Ventura  DUP,Midas Ventura,8250d882-7942-40a8-8e9d-f767acd7c90c,US810045,924342,,adbhangu@gmail.com,,,,,,,,,,,,,,,,1,9d9f4a52-504b-4862-a337-3939665668a9,Payout method linked,0827,,ADAS Calibrations: ❌,,,,,,,,,,,,,,,,,,,,,,https://app.fixlane.com/sign-up?book_now=tow&oem=vinfast&shop_id=8250d882-7942-40a8-8e9d-f767acd7c90c,,Fully Operational,,,
Hybrid Energy Solutions,,,,,,HybridEnergySolutions24@gmail.com,,,,,,,,,,,,,,,,,,No Routable account,,,ADAS Calibrations: ❌,,,,,,,,,,,,,,,,,,,,,,https://app.fixlane.com/sign-up?book_now=tow&oem=vinfast&shop_id=,,,,,
V.E.S.T.,,,,,,infovestfix@gmail.com,,,,,,,,,,,,,,,,,,No Routable account,,,ADAS Calibrations: ❌,,,,,,,,,,,,,,,,,,,,,,https://app.fixlane.com/sign-up?book_now=tow&oem=vinfast&shop_id=,,,,,
Star Tech Auto Paint & Body,,,,,,sbstartech@gmail.com,,,,,,,,,,,,,,,,,,No Routable account,,,ADAS Calibrations: ❌,,,,,,,,,,,,,,,,,,,,,,https://app.fixlane.com/sign-up?book_now=tow&oem=vinfast&shop_id=,,,,,
Pulido's Auto Repair,,,,,,j_pulidos@hotmail.com,,,,,,,,,,,,,,,,,,No Routable account,,,ADAS Calibrations: ❌,,,,,,,,,,,,,,,,,,,,,,https://app.fixlane.com/sign-up?book_now=tow&oem=vinfast&shop_id=,,,,,
EC Auto Pros,,,,,,qubitsint@gmail.com,,,,,,,,,,,,,,,,,,No Routable account,,,ADAS Calibrations: ❌,,,,,,,,,,,,,,,,,,,,,,https://app.fixlane.com/sign-up?book_now=tow&oem=vinfast&shop_id=,,,,,
HYBRID AND ELECTRIC CAR SALES LLC,,,,,,INFO@HYBRIDANDELECTRICCARSALES.COM,,,,,,,,,,,,,,,,,,No Routable account,,,ADAS Calibrations: ❌,,,,,,,,,,,,,,,,,,,,,,https://app.fixlane.com/sign-up?book_now=tow&oem=vinfast&shop_id=,,,,,
Unknown,,,,,,quintenshafer@gmail.com,,,,,,,,,,,,,,,,,,No Routable account,,,ADAS Calibrations: ❌,,,,,,,,,,,,,,,,,,,,,,https://app.fixlane.com/sign-up?book_now=tow&oem=vinfast&shop_id=,,,,,
HYBRID AND ELECTRIC CAR SALES LLC,,,,,,info@hybridandelectriccarsales.com,,,,,,,,,,,,,,,12/16/2025 8:07am,,,No Routable account,,,ADAS Calibrations: ❌,,,,,,,,,,,,,,,,,,,,,,https://app.fixlane.com/sign-up?book_now=tow&oem=vinfast&shop_id=,,,,,
Factor EV Service,,,,,,factor.ev.service@gmail.com,,,,,,,,,,,,,,,,,,No Routable account,,,ADAS Calibrations: ❌,,,,,,,,,,,,,,,,,,,,,,https://app.fixlane.com/sign-up?book_now=tow&oem=vinfast&shop_id=,,,,,
Aamco Hialeah,,,,,,aamcohialeah@gmail.com,,,,,,,,,,,,,,,,,,No Routable account,,,ADAS Calibrations: ❌,,,,,,,,,,,,,,,,,,,,,,https://app.fixlane.com/sign-up?book_now=tow&oem=vinfast&shop_id=,,,,,
Unknown,,,,,,mjm1339@gmail.com,,,,,,,,,,,,,,,12/18/2025 1:35pm,,,No Routable account,,,ADAS Calibrations: ❌,,,,,,,,,,,,,,,,,,,,,,https://app.fixlane.com/sign-up?book_now=tow&oem=vinfast&shop_id=,,,,,
Donutparts,,,,,,John@Donutparts.com,,,,,,,,,,,,,,,12/30/2025 10:23am,,,No Routable account,,,ADAS Calibrations: ❌,,,,,,,,,,,,,,,,,,,,,,https://app.fixlane.com/sign-up?book_now=tow&oem=vinfast&shop_id=,,,,,
City Collisions,,,,,,contact@citycollisions.com,,,,,,,,,,,,,,,,,,No Routable account,,,ADAS Calibrations: ❌,,,,,,,,,,,,,,,,,,,,,,https://app.fixlane.com/sign-up?book_now=tow&oem=vinfast&shop_id=,,,,,
Gethiitbox,,,,,,todd@gethiitbox.com,,,,,,,,,,,,,,,1/1/2026 7:40am,,,No Routable account,,,ADAS Calibrations: ❌,,,,,,,,,,,,,,,,,,,,,,https://app.fixlane.com/sign-up?book_now=tow&oem=vinfast&shop_id=,,,,,
Unknown,,,,,,jalvelo18@gmail.com,,,,,,,,,,,,,,,,,,No Routable account,,,ADAS Calibrations: ❌,,,,,,,,,,,,,,,,,,,,,,https://app.fixlane.com/sign-up?book_now=tow&oem=vinfast&shop_id=,,,,,
Space Ev,,,,,,info@space-ev.com,,,,,,,,,,,,,,,,,,No Routable account,,,ADAS Calibrations: ❌,,,,,,,,,,,,,,,,,,,,,,https://app.fixlane.com/sign-up?book_now=tow&oem=vinfast&shop_id=,,,,,
Automotive Solutions And Services,,,,,,automotivesolutionsandservices@gmail.com,,,,,,,,,,,,,,,,,,No Routable account,,,ADAS Calibrations: ❌,,,,,,,,,,,,,,,,,,,,,,https://app.fixlane.com/sign-up?book_now=tow&oem=vinfast&shop_id=,,,,,
Bakersfield Auto Services,,,,,,bakersfieldautoservices@gmail.com,,,,,,,,,,,,,,,1/13/2026 4:14pm,,,No Routable account,,,ADAS Calibrations: ❌,,,,,,,,,,,,,,,,,,,,,,https://app.fixlane.com/sign-up?book_now=tow&oem=vinfast&shop_id=,,,,,
YourMechanic813,,,,,,yourmechanic813@gmail.com,,,,,"206 E Robertson St, Brandon, FL 33511",,,,,,,,,,1/16/2026 9:55am,,,No Routable account,,,ADAS Calibrations: ❌,,,,,,,,,,,,,,,,,,,,,,https://app.fixlane.com/sign-up?book_now=tow&oem=vinfast&shop_id=,,,,,
All About Price ,All About Price,e78c2a2e-86ff-4298-9ab8-d18f90ff60ef,,223336,,AllAboutPriceFinance@gmail.com,,,,,,,,,,,,,,,1/19/2026 2:11pm,,,No Routable account,,,ADAS Calibrations: ❌,,,,,,,,,,,,,,,,,,,,,,https://app.fixlane.com/sign-up?book_now=tow&oem=vinfast&shop_id=e78c2a2e-86ff-4298-9ab8-d18f90ff60ef,,,,,
Aamco Hialeah,,,,,,aamcohialeah@gmail.com,,,,,,,,,,,,,,,,,,No Routable account,,,ADAS Calibrations: ❌,,,,,,,,,,,,,,,,,,,,,,https://app.fixlane.com/sign-up?book_now=tow&oem=vinfast&shop_id=,,,,,
Charlotte Autobody And Repair,,,,,,matthew@charlotteautobodyandrepair.com,,,,,,,,,,,,,,,,,,No Routable account,,,ADAS Calibrations: ❌,,,,,,,,,,,,,,,,,,,,,,https://app.fixlane.com/sign-up?book_now=tow&oem=vinfast&shop_id=,,,,,
All About Price,,,,,,AllAboutPriceFinance@gmail.com,,,,,"1025 N State St Suite A, Bunnell, FL 32110",,,,,,,,,,1/27/2026 9:43am,,,No Routable account,,,ADAS Calibrations: ❌,,,,,,,,,,,,,,,,,,,,,,https://app.fixlane.com/sign-up?book_now=tow&oem=vinfast&shop_id=,"1025 N State St Suite A, Bunnell, FL 32110",,,,
Mission Viejo Transmission & Auto Repair,,,,,,mvtransmission16@gmail.com,,,,,"27220 La Paz Rd m, Mission Viejo, CA 92692",,,,,,,,,,,,,No Routable account,,,ADAS Calibrations: ❌,,,,,,,,,,,,,,,,,,,,,,https://app.fixlane.com/sign-up?book_now=tow&oem=vinfast&shop_id=,,,,,
Jeautomotive,,,,,,service@jeautomotive.com,,,,,,,,,,,,,,,,,,No Routable account,,,ADAS Calibrations: ❌,,,,,,,,,,,,,,,,,,,,,,https://app.fixlane.com/sign-up?book_now=tow&oem=vinfast&shop_id=,,,,,
Midas Orange,,,,,,midasorangeca@gmail.com,,,,,"1922 E Chapman Ave, Orange, CA 92867",,,,,,,,,,,,,No Routable account,,,ADAS Calibrations: ❌,,,,,,,,,,,,,,,,,,,,,,https://app.fixlane.com/sign-up?book_now=tow&oem=vinfast&shop_id=,,,,,
Midas Colorado,,,,,,jeffg@wencoindustries.com,,,,,,,,,,,,,,,2/23/2026 10:16am,,,No Routable account,,,ADAS Calibrations: ❌,,,,,,,,,,,,,,,,,,,,,,https://app.fixlane.com/sign-up?book_now=tow&oem=vinfast&shop_id=,,,,,
Duro EV,Duro EV,fe0f7a4c-27d1-4978-9af6-7695d520dfa3,,788773,,info@duroev.com,,,,,"4902 New Bern Ave, Raleigh, NC 27610",,,,,,,,,,2/19/2026 7:03am,1,4b2c75ed-4425-4071-80dc-01552b57d594,Payout method linked,7396,,ADAS Calibrations: ❌,checked,checked,,,,,,,,,,,,,,,,,,,,https://app.fixlane.com/sign-up?book_now=tow&oem=vinfast&shop_id=fe0f7a4c-27d1-4978-9af6-7695d520dfa3,"4902 New Bern Ave, Raleigh, NC 27610",,,,
Just Right Auto,Just Right Auto,9511bd69-c25b-46ca-97e1-a1ea6d5f5734,,998585,,quintenshafer@gmail.com,,,,,"531 N West St, Wichita, KS 67203",,,,,,,,,,2/18/2026 9:40pm,0,f2427cd2-5d5f-45b7-98b5-5fcec2c01168,Account created,,,ADAS Calibrations: ❌,checked,checked,,,,,,,,,,,,,,,,,,,,https://app.fixlane.com/sign-up?book_now=tow&oem=vinfast&shop_id=9511bd69-c25b-46ca-97e1-a1ea6d5f5734,"531 N West St, Wichita, KS 67203",,,,
Parkwood Collision,,,,,,tim@parkwoodcollision.com,,,,,"26878 E University Dr, Aubrey, TX 76227",,,,,,,,,,2/25/2026 11:09am,,,No Routable account,,,ADAS Calibrations: ❌,checked,checked,,,,,,,,,,,,,,,,,,,,https://app.fixlane.com/sign-up?book_now=tow&oem=vinfast&shop_id=,,,,,
,,,,,,shannon@ecoautonw.com,,,,,,,,,,,,,,,4/14/2026 6:19pm,,,No Routable account,,,ADAS Calibrations: ❌,,,,,,,,,,,,,,,,,,,,,,https://app.fixlane.com/sign-up?book_now=tow&oem=vinfast&shop_id=,,,,,
,,,,,,management@toyotaandtesla.com,,,,,,,,,,,,,,,4/1/2026 3:45pm,,,No Routable account,,,ADAS Calibrations: ❌,,,,,,,,,,,,,,,,,,,,,,https://app.fixlane.com/sign-up?book_now=tow&oem=vinfast&shop_id=,,,,,
,,,,,,prestigeauto44250@gmail.com,,,,,,,,,,,,,,,4/8/2026 10:40am,,,No Routable account,,,ADAS Calibrations: ❌,,,,,,,,,,,,,,,,,,,,,,https://app.fixlane.com/sign-up?book_now=tow&oem=vinfast&shop_id=,,,,,
Midas Ft Lauderdale,Midas Ft Lauderdale,a8de6586-da4f-4435-ae54-f52f340bc9c6,,512113,,joel_victores@yahoo.com,,,,,,,,,,,,,,,4/6/2026 12:05pm,,,No Routable account,,,ADAS Calibrations: ❌,,,,,,,,,,,,,,,,,,,,,,https://app.fixlane.com/sign-up?book_now=tow&oem=vinfast&shop_id=a8de6586-da4f-4435-ae54-f52f340bc9c6,,,,,
,,,,,,info.dpsautomotive@gmail.com,,,,,,,,,,,,,,,,,,No Routable account,,,ADAS Calibrations: ❌,,,,,,,,,,,,,,,,,,,,,,https://app.fixlane.com/sign-up?book_now=tow&oem=vinfast&shop_id=,,,,,
,,,,,,qrautoclinic23@gmail.com,,,,,,,,,,,,,,,,,,No Routable account,,,ADAS Calibrations: ❌,,,,,,,,,,,,,,,,,,,,,,https://app.fixlane.com/sign-up?book_now=tow&oem=vinfast&shop_id=,,,,,
,,,,,,casdryer@gmail.com,,,,,,,,,,,,,,,,,,No Routable account,,,ADAS Calibrations: ❌,,,,,,,,,,,,,,,,,,,,,,https://app.fixlane.com/sign-up?book_now=tow&oem=vinfast&shop_id=,,,,,
,,,,,,onestopauto225@gmail.com,,,,,,,,,,,,,,,,,,No Routable account,,,ADAS Calibrations: ❌,,,,,,,,,,,,,,,,,,,,,,https://app.fixlane.com/sign-up?book_now=tow&oem=vinfast&shop_id=,,,,,
,,,,,,anthony@auto-fix.com,,,,,,,,,,,,,,,4/10/2026 10:18am,,,No Routable account,,,ADAS Calibrations: ❌,,,,,,,,,,,,,,,,,,,,,,https://app.fixlane.com/sign-up?book_now=tow&oem=vinfast&shop_id=,,,,,
,,,,,,roger@hanswittler.com,,,,,,,,,,,,,,,4/10/2026 10:43am,,,No Routable account,,,ADAS Calibrations: ❌,,,,,,,,,,,,,,,,,,,,,,https://app.fixlane.com/sign-up?book_now=tow&oem=vinfast&shop_id=,,,,,
,,,,,,onestopauto225@gmail.com,,,,,,,,,,,,,,,4/15/2026 2:33pm,,,No Routable account,,,ADAS Calibrations: ❌,,,,,,,,,,,,,,,,,,,,,,https://app.fixlane.com/sign-up?book_now=tow&oem=vinfast&shop_id=,,,,,
,,,,,,raysevservice@gmail.com,,,,,,,,,,,,,,,,,,No Routable account,,,ADAS Calibrations: ❌,,,,,,,,,,,,,,,,,,,,,,https://app.fixlane.com/sign-up?book_now=tow&oem=vinfast&shop_id=,,,,,
,,,,,,oceansidetire@yahoo.com,,,,,,,,,,,,,,,,,,No Routable account,,,ADAS Calibrations: ❌,,,,,,,,,,,,,,,,,,,,,,https://app.fixlane.com/sign-up?book_now=tow&oem=vinfast&shop_id=,,,,,
,,,,,,said@platinumglendale.com,,,,,,,,,,,,,,,4/28/2026 11:08am,,,No Routable account,,,ADAS Calibrations: ❌,,,,,,,,,,,,,,,,,,,,,,https://app.fixlane.com/sign-up?book_now=tow&oem=vinfast&shop_id=,,,,,
The Auto Crue,,,,,,,,,,,,,,,,,,,,,,,,No Routable account,,,ADAS Calibrations: ❌,,,,,,,,,,,,,,,,,,,,,,https://app.fixlane.com/sign-up?book_now=tow&oem=vinfast&shop_id=,"6040 Cerritos Ave, Cypress, CA 90630",,,,
CPR EV Repair Austin,,,,,,,,,,,,,,,,,,,,,,,,No Routable account,,,ADAS Calibrations: ❌,,,,,,,,,,,,,,,,,,,,,,https://app.fixlane.com/sign-up?book_now=tow&oem=vinfast&shop_id=,"607 Leander Dr Suite 210, Leander, TX 78641",,,,
Advanced Auto Repair and Tire,,,,,,,,,,,,,,,,,,,,,,,,No Routable account,,,ADAS Calibrations: ❌,,,,,,,,,,,,,,,,,,,,,,https://app.fixlane.com/sign-up?book_now=tow&oem=vinfast&shop_id=,"25751 Dollar St #4, Hayward, CA 94544",,,,
Apple Collision Leimert Park,,,,,,,,,,,,,,,,,,,,,,,,No Routable account,,,ADAS Calibrations: ❌,,,,,,,,,,,,,,,,,,,,,,https://app.fixlane.com/sign-up?book_now=tow&oem=vinfast&shop_id=,"3443 W 43rd St, Los Angeles, CA 90008",,,,
Purely Electric,Purely Electric,da34f806-47fc-4a74-8021-3f185dd6b8cf,,214738,,,,,,,"6700 Dawson Blvd, Building 3 - Suite A, Norcross GA 30093",,,,,,,,,,,,,No Routable account,,,ADAS Calibrations: ❌,,,,,,,,,,,,,,,,,,,,,,https://app.fixlane.com/sign-up?book_now=tow&oem=vinfast&shop_id=da34f806-47fc-4a74-8021-3f185dd6b8cf,"6700 Dawson Blvd, Building 3 - Suite A, Norcross GA 30093",,,,
CPR EV Repair Houston,,,,,,,,,,,,,,,,,,,,,,,,No Routable account,,,ADAS Calibrations: ❌,,,,,,,,,,,,,,,,,,,,,,https://app.fixlane.com/sign-up?book_now=tow&oem=vinfast&shop_id=,"19005 FM 529 Unit 4E, Cypress, TX 77433",,,,
Exclusive Motors - Sac,,,,,,,,,,,,,,,,,,,,,,,,No Routable account,,,ADAS Calibrations: ❌,,,,,,,,,,,,,,,,,,,,,,https://app.fixlane.com/sign-up?book_now=tow&oem=vinfast&shop_id=,"2499 Arden way Sacramento, CA 95825",,,,
Chestnut Auto,,,,,,,,,,,,,,,,,,,,,,,,No Routable account,,,ADAS Calibrations: ❌,,,,,,,,,,,,,,,,,,,,,,https://app.fixlane.com/sign-up?book_now=tow&oem=vinfast&shop_id=,"160 Chestnut St unit b, Redwood City, CA 94063",,,,
Tesla Specialists,,,,,,,,,,,,,,,,,,,,,,,,No Routable account,,,ADAS Calibrations: ❌,,,,,,,,,,,,,,,,,,,,,,https://app.fixlane.com/sign-up?book_now=tow&oem=vinfast&shop_id=,"3784 Omec Cir #5, Rancho Cordova, CA 95742",,,,
Automotive Fleet Solutions,,,,,,,,,,,,,,,,,,,,,,,,No Routable account,,,ADAS Calibrations: ❌,,,,,,,,,,,,,,,,,,,,,,https://app.fixlane.com/sign-up?book_now=tow&oem=vinfast&shop_id=,"1051 N Parker St, Orange, CA 92867",,,,
High Voltage Auto,,,,,,,,,,,,,,,,,,,,,,,,No Routable account,,,ADAS Calibrations: ❌,,,,,,,,,,,,,,,,,,,,,,https://app.fixlane.com/sign-up?book_now=tow&oem=vinfast&shop_id=,"4101 E Brundage Ln Suite B, Bakersfield, CA 93307",,,,
Your Mechanic 813,Your Mechanic 813,db4644a0-24c1-40eb-9dd6-7c811131aa88,,680157,,,,,,,"206 E Robertson St, Brandon, FL 33511",,,,,,,,,,,,,No Routable account,,,ADAS Calibrations: ❌,,,,,,,,,,,,,,,,,,,,,,https://app.fixlane.com/sign-up?book_now=tow&oem=vinfast&shop_id=db4644a0-24c1-40eb-9dd6-7c811131aa88,"206 E Robertson St, Brandon, FL 33511",,,,
Donut Auto Parts,,,,,,,,,,,,,,,,,,,,,,,,No Routable account,,,ADAS Calibrations: ❌,,,,,,,,,,,,,,,,,,,,,,https://app.fixlane.com/sign-up?book_now=tow&oem=vinfast&shop_id=,"3784 Omec Cir #5, Rancho Cordova, CA 95742",,,,
Midas Fair Oak,,,,,,,,,,,,,,,,,,,,,,,,No Routable account,,,ADAS Calibrations: ❌,,,,,,,,,,,,,,,,,,,,,,https://app.fixlane.com/sign-up?book_now=tow&oem=vinfast&shop_id=,"8118 Greenback Ln, Fair Oaks, CA 95628",,,,
Multi Auto Group Inc,,,,,,,,,,,,,,,,,,,,,,,,No Routable account,,,ADAS Calibrations: ❌,,,,,,,,,,,,,,,,,,,,,,https://app.fixlane.com/sign-up?book_now=tow&oem=vinfast&shop_id=,"6161 Kester Ave, Van Nuys, CA 91411",,,,
Midas Folsom,,,,,checked,Folsom@midasgroup.us,,VinFast Labor Rate approval,,,"50 Montrose Dr, Folsom, CA 95630",,,checked,,,,,,,12/3/2025 4:43pm,,,No Routable account,,,ADAS Calibrations: ❌,,,checked,,,,,,,,,,,,,,,,,checked,checked,https://app.fixlane.com/sign-up?book_now=tow&oem=vinfast&shop_id=,"50 Montrose Dr, Folsom, CA 95630",,,,
AFS Fleet Solutions,,,,,,ajoo@afsfleetsolutions.com,,VinFast Labor Rate approval,,,,,,,,,,,,,1/6/2026 11:32am,,,No Routable account,,,ADAS Calibrations: ❌,,,,,,,,,,,,,,,,,,,,checked,checked,https://app.fixlane.com/sign-up?book_now=tow&oem=vinfast&shop_id=,,,,,
"Donut Auto Parts, Tesla Specialists",,,,,,John@Donutparts.com,,VinFast Labor Rate approval,,,"3784 Omec Cir #5, Rancho Cordova, CA 95742",,,checked,,,,,,,,,,No Routable account,,,ADAS Calibrations: ❌,,,,,,,,,,,,,,,,,,,,checked,checked,https://app.fixlane.com/sign-up?book_now=tow&oem=vinfast&shop_id=,,,,,
AutoBurn,AutoBurn,cb9637ed-e65e-46ca-a700-38d728e44101,,252463,,admin@autoburn.com,,VinFast Labor Rate approval,,,"2017 Union Beltway Rd Suite B, Indian Trail, NC 28079I",,,,,,,,,,1/28/2026 1:23pm,,,No Routable account,,,ADAS Calibrations: ❌,,,,,,,,,,,,,,,,,,,,,,https://app.fixlane.com/sign-up?book_now=tow&oem=vinfast&shop_id=cb9637ed-e65e-46ca-a700-38d728e44101,"2017 Union Beltway Rd Suite B, Indian Trail, NC 28079",,,,
Midas Tustin,Midas Tustin,29d9124b-9e55-483c-a3aa-606074619078,US810025,281234,checked,tustinmidas@gmail.com,,"Setup, training and equipment",,,"3085 Edinger Ave, Tustin, CA 92780",checked,8/13/25,checked,checked,checked,checked,checked,,checked,8/22/2025 10:40am,,,No Routable account,,,ADAS Calibrations: ❌,checked,checked,checked,checked,checked,checked,checked,checked,checked,checked,,,,,,,,,,checked,checked,https://app.fixlane.com/sign-up?book_now=tow&oem=vinfast&shop_id=29d9124b-9e55-483c-a3aa-606074619078,"3085 Edinger Ave, Tustin, CA 92780",Onboarding Paused,,,
Midas Manteca,Midas Manteca,0f000c8f-9577-4708-bf97-7824fcd8b121,US810056,736397,,mantecamidas@gmail.com,,"Setup, training and equipment",,,"1412 W Yosemite Ave, Manteca, CA 95336",checked,12/3/25,checked,checked,checked,,,,checked,11/7/2025 1:58pm,0,e3c8d882-ec1a-4aec-93fd-09215cfec4cd,Account created,,,ADAS Calibrations: ❌,checked,checked,checked,checked,,checked,checked,checked,checked,checked,,,,,,,,,,checked,checked,https://app.fixlane.com/sign-up?book_now=tow&oem=vinfast&shop_id=0f000c8f-9577-4708-bf97-7824fcd8b121,"1412 W Yosemite Ave, Manteca, CA 95336",Onboarding,,,
Midas Fair Oaks,Midas Fair Oaks,a2c519de-cae5-404b-b2ff-d401fc6bfbe8,US810051,353505,checked,FairOaks@midasgroup.us,,"Setup, training and equipment",,,"8118 Greenback Ln, Fair Oaks, CA 95628",checked,12/10/25,checked,checked,checked,,,,checked,12/3/2025 4:30pm,0,689386d6-be14-4d34-8b9a-bdeb40364fa8,Account created,,,ADAS Calibrations: ❌,checked,checked,checked,,,checked,checked,checked,checked,,,,,,,,,,,checked,checked,https://app.fixlane.com/sign-up?book_now=tow&oem=vinfast&shop_id=a2c519de-cae5-404b-b2ff-d401fc6bfbe8,,Onboarding,,,
Midas Roseville North,Midas Roseville North,b1b135c7-977d-461c-96d0-b7aa1e3c9ecc,US810052,721406,checked,Roseville@midasgroup.us,,"Setup, training and equipment",,,"9077 Foothills Blvd, Roseville, CA 95747",checked,12/10/25,checked,checked,checked,,,,checked,12/3/2025 4:34pm,0,0e24414c-99e4-427a-aa93-7461af947426,Account created,,,ADAS Calibrations: ❌,checked,checked,checked,,,checked,checked,checked,checked,,,,,,,,,,,checked,checked,https://app.fixlane.com/sign-up?book_now=tow&oem=vinfast&shop_id=b1b135c7-977d-461c-96d0-b7aa1e3c9ecc,"9077 Foothills Blvd, Roseville, CA 95747",Onboarding,,,
Jungs Auto,Jungs Auto Restoration,f8ca9082-8821-4870-9417-e1a294f7fbc7,US810071,560948,,jungsauto@gmail.com,,"Setup, training and equipment",,,"19649 E Walnut Dr S, Walnut, CA 91789",checked,3/20/26,checked,,,,,,,12/19/2025 4:50pm,,,No Routable account,,,ADAS Calibrations: ❌,checked,checked,checked,,,,,,,,,,,,,,,,,checked,checked,https://app.fixlane.com/sign-up?book_now=tow&oem=vinfast&shop_id=f8ca9082-8821-4870-9417-e1a294f7fbc7,"19649 E Walnut Dr S, Walnut, CA 91789",,,,
Haven Auto Repair,Haven Auto Repair,a3f11a44-ffeb-4fab-87f4-d245cf57b941,US810072,390408,,havenautorepair@yahoo.com,,"Setup, training and equipment",,,"9285 E 9th St, Rancho Cucamonga, CA 91730",checked,3/23/26,checked,,,,,,,,0,68464a0c-0167-4112-b711-79fff1c304a9,Account created,,,ADAS Calibrations: ❌,checked,checked,checked,,,,,,,,,,,,,,,,,checked,checked,https://app.fixlane.com/sign-up?book_now=tow&oem=vinfast&shop_id=a3f11a44-ffeb-4fab-87f4-d245cf57b941,"9285 E 9th St, Rancho Cucamonga, CA 91730",,,,
Smart Prep Collision,Smart Prep Auto Riverside,6879fcae-198c-4f73-8489-086f058fbc4e,US810076,907522,,Rick@SmartPrepAuto.com,,"Setup, training and equipment",,,"3839 Van Buren Boulevard, Riverside, CA 92503",checked,3/23/26,checked,,,,,,,1/29/2026 4:06pm,1,85c003f2-d901-4bf0-a56c-8579862e5580,Payout method linked,7515,,ADAS Calibrations: ❌,checked,checked,checked,,,,,,,,,,,,,,,,,checked,checked,https://app.fixlane.com/sign-up?book_now=tow&oem=vinfast&shop_id=6879fcae-198c-4f73-8489-086f058fbc4e,"3839 Van Buren Boulevard, Riverside, CA 92503",,,,
CARSTAR EMW Auto Body,Carstar EMW Auto Body,a5587e3d-63ab-40f3-8899-4ec9078f26b1,US810075,296357,,emwauto@comcast.net,,"Setup, training and equipment",,,"618 San Pablo Ave, Albany, CA 94706",checked,3/23/26,checked,,,,,,,2/4/2026 2:53pm,0,e4b660e2-8df6-478f-ae51-a923a470ab10,Account created,,,ADAS Calibrations: ❌,checked,checked,checked,,,,,,,,,,,,,,,,,checked,checked,https://app.fixlane.com/sign-up?book_now=tow&oem=vinfast&shop_id=a5587e3d-63ab-40f3-8899-4ec9078f26b1,"618 San Pablo Ave, Albany, CA 94706",,,,
EV Central,EV Central,17eb0c1b-99ea-4629-b9a3-30fd245a1f62,,655423,,evcentralservice@gmail.com,,"Setup, training and equipment",,,"718 Bryant St, San Francisco, CA 94107",,,checked,,,,,,,2/18/2026 2:17pm,1,93c2a29b-5f8f-4bb5-8997-06f15d9b0bf1,Payout method linked,9652,,ADAS Calibrations: ❌,checked,checked,checked,,,,,,,,,,,,,,,,,checked,checked,https://app.fixlane.com/sign-up?book_now=tow&oem=vinfast&shop_id=17eb0c1b-99ea-4629-b9a3-30fd245a1f62,"718 Bryant St, San Francisco, CA 94107",,,,
Midas Cathedral City,Midas Cathedral City,a3b4ffc3-5d49-4c74-ba4b-de4fea135cba,,896559,,midaswillyv@gmail.com,,"Setup, training and equipment",,,,,,checked,,,,,,,2/26/2026 12:32pm,0,2cbd3848-03fc-4da9-a591-ef49711344bf,Account created,,,ADAS Calibrations: ❌,,checked,checked,,,,,,,,,,,,,,,,,checked,checked,https://app.fixlane.com/sign-up?book_now=tow&oem=vinfast&shop_id=a3b4ffc3-5d49-4c74-ba4b-de4fea135cba,"68275 Ramon Road, Cathedral City, CA 92234",,,,
Midas Diamond Bar,Midas Diamond Bar,d0e23526-3d71-4c41-a79f-0d9e93258834,,836760,,midasdiamondbar@gmail.com,,"Setup, training and equipment",,,"796 N Diamond Bar Blvd, Diamond Bar, CA 91765",,,checked,,,,,,,2/26/2026 12:28pm,1,d1c9c74f-b64c-4978-80f7-6d1b78c10a13,Payout method linked,2390,,ADAS Calibrations: ❌,checked,checked,checked,,,,,,,,,,,,,,,,,checked,checked,https://app.fixlane.com/sign-up?book_now=tow&oem=vinfast&shop_id=d0e23526-3d71-4c41-a79f-0d9e93258834,"796 N Diamond Bar Blvd, Diamond Bar, CA 91765",,,,
Midas Hemet,Midas Hemet,8dec002f-8c39-405f-97ba-206dfbf56041,,891673,,midasofhemet@gmail.com,,"Setup, training and equipment",,,"501 W Florida Ave, Hemet, CA 92543",,,checked,,,,,,,2/26/2026 12:27pm,1,b6320cfa-61c7-4d85-bb62-31587e58ae67,Payout method linked,4178,,ADAS Calibrations: ❌,checked,checked,checked,,,,,,,,,,,,,,,,,checked,checked,https://app.fixlane.com/sign-up?book_now=tow&oem=vinfast&shop_id=8dec002f-8c39-405f-97ba-206dfbf56041,"501 West Florida Avenue, Hemet, CA 92543",,,,
McWilliams & Walden Inc,,,,,,dakotah@mcwilliamsandwalden.com,,"Setup, training and equipment",,,"4201 E Brundage Ln, Bakersfield, CA 93307",,,checked,,,,,,,4/9/2026 10:29am,,,No Routable account,,,ADAS Calibrations: ❌,checked,checked,checked,,,,,,,,,,,,,,,,,checked,,https://app.fixlane.com/sign-up?book_now=tow&oem=vinfast&shop_id=,,,,,
Midas DTLA,Midas DTLA,58300d86-21f9-4d28-a7fb-d7d531caa728,US810037,000819,checked,info@midasdtla.com,RepairWise Account Setup and Training,"Setup, training and equipment",,10/6/25,"2424 S Figueroa St, Los Angeles, CA 90007",,,checked,,checked,,,,checked,9/19/2025 4:24pm,0,fa8efb17-f3fe-4819-a894-a98652e2ed8d,Account created,,,ADAS Calibrations: ❌,checked,checked,checked,checked,,checked,checked,checked,checked,,,,,,,,,,,checked,checked,https://app.fixlane.com/sign-up?book_now=tow&oem=vinfast&shop_id=58300d86-21f9-4d28-a7fb-d7d531caa728,"2424 S Figueroa St, Los Angeles, CA 90007",Onboarding Paused,,,
Rios Auto Body Shop,Rios Auto Body Shop,0e2b986a-5ebc-4ce2-b8d8-5b805a5b9ba9,US810038,001284,,Antonio@RiosAutoBodyShop.com,RepairWise Account Setup and Training,Ready for activation,,10/6/25,"22624 S Avalon Blvd, Carson, CA 90745",,,checked,checked,checked,,,,,9/9/2025 2:34pm,1,b3294216-3202-42a2-944c-d5312201d3d4,Payout method linked,4495,,ADAS Calibrations: ❌,checked,checked,checked,checked,,,checked,checked,checked,,,,,,,,,,,checked,checked,https://app.fixlane.com/sign-up?book_now=tow&oem=vinfast&shop_id=0e2b986a-5ebc-4ce2-b8d8-5b805a5b9ba9,"22624 S Avalon Blvd, Carson, CA 90745",Onboarding,,,
AAMCO Bakersfield,AAMCO Bakersfield,f774de43-8cc8-422f-848b-eb6db5bac44b,US810066,923801,,Aamcowhitelane@gmail.com,,Active,,,"6601 White Ln, Bakersfield, CA 93309",checked,12/10/25,checked,checked,checked,,checked,,checked,10/30/2025 9:46am,0,63328afc-84cb-46f9-8880-e3aea2f5ca94,Account created,,,ADAS Calibrations: ❌,checked,checked,checked,checked,,checked,checked,checked,checked,checked,checked,,,,,,,,,checked,checked,https://app.fixlane.com/sign-up?book_now=tow&oem=vinfast&shop_id=f774de43-8cc8-422f-848b-eb6db5bac44b,"6601 White Ln, Bakersfield, CA 93309",Onboarding,,,
A1 Auto Body & Repair,A1 Auto Body & Repair,9ef11de3-424a-471d-9e76-e2fc7c8eb5e9,US810027,230127,,canopusme@gmail.com,,Active,,,"4480 Enterprise St, Ste G, Fremont, CA 94538",checked,11/26/25,checked,checked,checked,,checked,checked,checked,,1,666854ba-000c-4e5d-a1d0-bd18141498b8,Payout method linked,3733,,ADAS Calibrations: ❌,checked,checked,checked,checked,checked,checked,checked,checked,checked,checked,checked,checked,,,,,,,,checked,checked,https://app.fixlane.com/sign-up?book_now=tow&oem=vinfast&shop_id=9ef11de3-424a-471d-9e76-e2fc7c8eb5e9,"4480 Enterprise St ste g, Fremont, CA 94538",Fully Operational,,,
MID Auto Service & Auto Body,MID Auto Service & Auto Body,59dab8c6-ca8f-4eb2-a8f1-663d7d857ee9,US810059,829508,,midauto1@gmail.com,,Active,,,"1155 Reed Ave D, Sunnyvale, CA 94086",checked,12/10/25,checked,checked,checked,,checked,checked,checked,8/20/2025 7:44pm,0,71230334-fad2-442b-8418-1cb7f8492f22,Account created,,,ADAS Calibrations: ❌,checked,checked,checked,checked,checked,checked,checked,checked,checked,checked,checked,checked,,,,,,,,checked,checked,https://app.fixlane.com/sign-up?book_now=tow&oem=vinfast&shop_id=59dab8c6-ca8f-4eb2-a8f1-663d7d857ee9,"1155 Reed Ave D, Sunnyvale, CA 94086",Slow Operational,,,
Carotech,Carotech,c75e0072-0efe-4376-a66b-40856d3ff1ab,US810039,162249,,carotech@gmail.com,,Active,,,"8687 W Pico Blvd, Los Angeles, CA 90035",checked,11/26/25,checked,checked,checked,,checked,checked,checked,9/22/2025 2:39pm,1,c194a093-be99-4867-ba7c-a56790a21415,Payout method linked,4200,,ADAS Calibrations: ❌,checked,checked,checked,checked,checked,checked,checked,checked,checked,checked,checked,checked,,,,,,,,checked,checked,https://app.fixlane.com/sign-up?book_now=tow&oem=vinfast&shop_id=c75e0072-0efe-4376-a66b-40856d3ff1ab,"8687 W Pico Blvd, Los Angeles, CA 90035",Slow Operational,,,
Commercial Tire Center,Commercial Tire Center,e2884432-90f7-46a9-8723-fc9c378b0574,US810040,654418,,casey@ctirecenter.com,,Active,,,"557 Jessie S, San Fernando, CA 91340 ",checked,3/20/26,checked,checked,checked,,checked,,,9/29/2025 5:26pm,0,8dcff2e8-45de-4722-9073-6983b2e5ec0e,Account created,,,ADAS Calibrations: ❌,checked,checked,checked,checked,checked,checked,,checked,checked,checked,checked,,,,,,,,,checked,checked,https://app.fixlane.com/sign-up?book_now=tow&oem=vinfast&shop_id=e2884432-90f7-46a9-8723-fc9c378b0574,"557 Jessie St, San Fernando, CA 91340",,,,
OC Hybrid Tech,OC Hybrid Tech,c464a616-b4a3-4152-9554-bff3df7bfa84,US810043,150248,checked,ochybridtech@gmail.com,,Active,,,"16650 Harbor Blvd C09 & C08, Fountain Valley, CA 92708",checked,11/26/25,checked,checked,checked,,checked,checked,checked,10/7/2025 2:52pm,1,d8bb2bfb-4689-40fa-808a-13ec13ea726b,Payout method linked,9042,,ADAS Calibrations: ❌,checked,checked,checked,checked,checked,checked,checked,checked,checked,checked,checked,checked,,,,,,,,checked,checked,https://app.fixlane.com/sign-up?book_now=tow&oem=vinfast&shop_id=c464a616-b4a3-4152-9554-bff3df7bfa84,"16650 Harbor Blvd C09 & C08, Fountain Valley, CA 92708",Fully Operational,,,
Exclusive Motors Sacramento,Exclusive Motors Sacramento,fdd164ad-097a-4941-9a48-9c0251b5994b,US810049,852651,,roman@exclusivemotors4u.com,,Active,,,"2499 Arden Way, Sacramento, CA 95825",checked,11/26/25,checked,checked,checked,,checked,checked,checked,10/15/2025 1:17pm,1,6a6c7f3a-9da0-4bd6-bdec-bd4767effc5a,Payout method linked,1005,,ADAS Calibrations: ❌,checked,checked,checked,checked,checked,checked,checked,checked,checked,checked,checked,checked,,,,,,,,checked,checked,https://app.fixlane.com/sign-up?book_now=tow&oem=vinfast&shop_id=fdd164ad-097a-4941-9a48-9c0251b5994b,,Fully Operational,,,
Midas Ventura,Midas Ventura,8250d882-7942-40a8-8e9d-f767acd7c90c,US810045,924342,,Info@venturamidas.com,,Active,,,"3949 E Main Street, Ventura, CA 93003",checked,12/17/25,checked,checked,checked,,checked,checked,checked,10/28/2025 12:31pm,1,9d9f4a52-504b-4862-a337-3939665668a9,Payout method linked,0827,,ADAS Calibrations: ❌,checked,checked,checked,checked,checked,checked,checked,checked,checked,checked,checked,checked,,,,,,,,checked,checked,https://app.fixlane.com/sign-up?book_now=tow&oem=vinfast&shop_id=8250d882-7942-40a8-8e9d-f767acd7c90c,"3949 E Main St, Ventura, CA 93003",Fully Operational,,,
Midas Orange,Midas Orange,95ca779f-8c90-43a5-a0d6-eafd5be5f8fb,US810046,603971,,midasorangeca@gmail.com,,Active,,,"1922 E Chapman Ave, Orange, CA 92867",checked,11/26/25,checked,checked,checked,,checked,checked,checked,10/24/2025 11:00am,1,f2389d0a-315f-43e9-b78b-aeb3a1d63a45,Payout method linked,5013,,ADAS Calibrations: ❌,checked,checked,checked,checked,checked,checked,checked,checked,checked,checked,checked,checked,,,,,,,,checked,checked,https://app.fixlane.com/sign-up?book_now=tow&oem=vinfast&shop_id=95ca779f-8c90-43a5-a0d6-eafd5be5f8fb,"1922 E Chapman Ave, Orange, CA 92867",Fully Operational,,,
Pasadena Collision Center,Pasadena Collision Center,ddc0cc2b-90ac-4717-8852-f010cd6bf501,US810047,924327,checked,Office@pasadenacollision.com,,Active,,,"640 N. Fair Oaks Ave., Pasadena, CA 91103",checked,11/26/25,checked,checked,checked,,checked,,checked,10/27/2025 2:53pm,1,c1600116-f390-4f14-9627-03fe9baef501,Payout method linked,5946,,ADAS Calibrations: ❌,checked,checked,checked,checked,checked,checked,checked,checked,checked,checked,checked,checked,,,,,,,,checked,checked,https://app.fixlane.com/sign-up?book_now=tow&oem=vinfast&shop_id=ddc0cc2b-90ac-4717-8852-f010cd6bf501,"640 N Fair Oaks Ave, Pasadena, CA 91103",Onboarding Paused,,,
Apple Collision Leimart Park,Apple Collision Leimart Park,0e91edd1-5a0c-4252-bf9d-f0919b0da923,US810048,525778,checked,leimertoffice@applecollision.com,,Active,,,"3443 West 43rd St., Los Angeles, CA 90008",checked,11/26/25,checked,checked,checked,,checked,checked,checked,10/27/2025 2:52pm,1,a95f2fef-a2bf-4f17-afe2-a356568f8e04,Payout method linked,4882,,ADAS Calibrations: ❌,checked,checked,checked,checked,checked,checked,checked,checked,checked,checked,checked,checked,,,,,,,,checked,checked,https://app.fixlane.com/sign-up?book_now=tow&oem=vinfast&shop_id=0e91edd1-5a0c-4252-bf9d-f0919b0da923,,Slow Operational,,,
Midas Modesto South,Midas Modesto South,b64e97a0-a1fd-4e40-ba51-cb8bdcd59ee1,US810054,799091,,338Midas@gmail.com,,Active,,," 338 McHenry Ave, Modesto, CA 95354",checked,1/20/26,checked,checked,checked,,checked,,checked,11/7/2025 1:58pm,1,efa593c6-86dd-4867-a4d8-6ff3c0aa0031,Payout method linked,3358,,ADAS Calibrations: ❌,checked,checked,checked,checked,checked,checked,checked,checked,checked,checked,checked,checked,,,,,,,,checked,checked,https://app.fixlane.com/sign-up?book_now=tow&oem=vinfast&shop_id=b64e97a0-a1fd-4e40-ba51-cb8bdcd59ee1,"338 McHenry Ave, Modesto, CA 95354",Slow Operational,4/14/2026 3:27pm,Sent,
Midas Modesto North,Midas Modesto North,403f7892-74f0-442a-a3ad-2269daaeccc5,US810055,209939,,midasdiag1604@gmail.com ,,Active,,,"3833 McHenry Ave, Modesto, CA 95356",checked,1/20/26,checked,checked,checked,,checked,,checked,11/7/2025 1:58pm,1,cd551ded-46dc-45cd-a609-8d90bf92cc37,Payout method linked,1264,,ADAS Calibrations: ❌,checked,checked,checked,checked,checked,checked,checked,checked,checked,checked,checked,checked,,,,,,,,checked,checked,https://app.fixlane.com/sign-up?book_now=tow&oem=vinfast&shop_id=403f7892-74f0-442a-a3ad-2269daaeccc5,"3833 McHenry Ave, Modesto, CA 95356",Slow Operational,4/14/2026 3:27pm,Sent,
Hybrid Auto Repair,Hybrid Auto Repair,cd9f4c67-05d2-46a6-892f-195a23bf60e1,US810065,693328,,hybridautorepairsf@gmail.com,,Active,,,"1435 Van Dyke Ave, San Francisco, CA 94124",checked,12/10/25,checked,checked,checked,,checked,checked,checked,11/20/2025 5:41pm,1,7f1e6d95-9dbe-4dfb-8656-daf0ce47c058,Payout method linked,1792,,ADAS Calibrations: ❌,checked,checked,checked,checked,checked,checked,checked,checked,checked,checked,checked,checked,,,,,,,,checked,checked,https://app.fixlane.com/sign-up?book_now=tow&oem=vinfast&shop_id=cd9f4c67-05d2-46a6-892f-195a23bf60e1,"1435 Van Dyke Ave, San Francisco, CA 94124",Slow Operational,4/23/2026 11:54am,Sent,
EV Coastal,EV Coastal,0b0c65cf-d17d-4abe-871d-213f5a0c347a,US810061,596685,,evcoastal1@gmail.com,,Active,,,"1715 East Wilshire Ave #713,714,716,717 Santa Ana, California 92705",checked,12/10/25,checked,checked,checked,,checked,checked,checked,11/11/2025 3:38pm,1,41f11f80-79ba-412a-a70a-659c6e02794b,Payout method linked,1916,,ADAS Calibrations: ❌,checked,checked,checked,checked,checked,checked,checked,checked,checked,checked,checked,checked,,,,,,,,checked,checked,https://app.fixlane.com/sign-up?book_now=tow&oem=vinfast&shop_id=0b0c65cf-d17d-4abe-871d-213f5a0c347a,"1715 E Wilshire Ave #713, Santa Ana, CA 92705",Fully Operational,,,
Glenwood Aliso Creek Auto Repair,Glenwood Aliso Creek Auto Repair,2c6d7afa-fab2-4d33-9c47-0500ce3888ca,US810042,723062,,alisocreekauto@gmail.com,,Active,,,"22932 Glenwood Dr, Aliso Viejo, CA 92656",checked,11/26/25,checked,checked,checked,,checked,checked,checked,,1,63444f1a-3627-4b11-abac-1df2d4c82d39,Payout method linked,1436,,ADAS Calibrations: ❌,checked,checked,checked,checked,checked,checked,checked,checked,checked,checked,checked,checked,,,,,,,,checked,checked,https://app.fixlane.com/sign-up?book_now=tow&oem=vinfast&shop_id=2c6d7afa-fab2-4d33-9c47-0500ce3888ca,"22932 Glenwood Dr, Aliso Viejo, CA 92656",Terminated from VF,,,
AAMCO Palmdale,AAMCO Palmdale,44ee31a0-90fb-4d94-ba57-f4869cdb5838,US810044,825353,,44135division@gmail.com,,Active,,,"1817 E Ave Q Ste B4/B5, Palmdale, CA 93550",checked,11/26/25,checked,checked,checked,,checked,checked,checked,,1,1a1dab8e-7696-405a-a01d-c19f2cf558de,Payout method linked,1598,,ADAS Calibrations: ❌,checked,checked,checked,checked,checked,checked,checked,checked,checked,checked,checked,checked,,,,,,,,checked,checked,https://app.fixlane.com/sign-up?book_now=tow&oem=vinfast&shop_id=44ee31a0-90fb-4d94-ba57-f4869cdb5838,1817 east ave Q Ste B4 & B5 palmdale CA 93550,Slow Operational,,,
High Voltage,High Voltage Auto,8c0e341d-ecc1-480e-971d-b8784ac21cdd,US810062,753095,,hvaoffice2024@gmail.com,,Active,,,"4101 E Brundage Ln Suite B, Bakersfield, CA 93307",checked,12/10/25,checked,checked,checked,,checked,,checked,11/19/2025 9:43am,1,ad110a5a-ada5-422c-85cd-8c59b0b68f57,Payout method linked,8137,,ADAS Calibrations: ❌,checked,checked,checked,checked,checked,checked,checked,checked,checked,checked,checked,checked,,,,,,,,checked,checked,https://app.fixlane.com/sign-up?book_now=tow&oem=vinfast&shop_id=8c0e341d-ecc1-480e-971d-b8784ac21cdd,,,,,
Midas Roseville South,Midas Roseville South,85d8d780-bce4-4520-8ae8-4d5f7c84a18e,US810057,647053,,roseville.midas1449@gmail.com,,Active,,,"212 Harding Blvd Ste x, Roseville, CA 95678",checked,12/10/25,checked,checked,checked,,checked,checked,checked,,1,e159c0bd-0cab-4142-bd3e-5c919523c87e,Payout method linked,3497,,ADAS Calibrations: ❌,checked,checked,checked,checked,checked,checked,checked,checked,checked,checked,checked,checked,,,,,,,,checked,checked,https://app.fixlane.com/sign-up?book_now=tow&oem=vinfast&shop_id=85d8d780-bce4-4520-8ae8-4d5f7c84a18e,"212 Harding Blvd ste x, Roseville, CA 95678",Fully Operational,,,
Complete Car Care Encinitas,Complete Car Care Encinitas,5472149b-2c2e-440c-800a-75ad833bbf69,US810060,273319,,Completecarcareencinitas@gmail.com,,Active,,,"318A N El Camino Real, Encinitas, CA 92024",checked,12/10/25,checked,checked,checked,,checked,checked,checked,11/14/2025 12:00pm,0,6f84c603-190c-4c3f-bbf5-aad70aaf798f,Account created,,,ADAS Calibrations: ❌,checked,checked,checked,checked,checked,checked,checked,checked,checked,checked,checked,checked,,,,,,,,checked,checked,https://app.fixlane.com/sign-up?book_now=tow&oem=vinfast&shop_id=5472149b-2c2e-440c-800a-75ad833bbf69,"318A N El Camino Real, Encinitas, CA 92024",Slow Operational,,,
Midas Napa,Midas Napa,771cbad7-3d4e-4037-b660-fcfceb60f5fb,US810058,191232,,midas.speedee@gmail.com,,Active,,,"1797 Soscol Ave, Napa CA 94559",checked,12/10/25,checked,checked,checked,,checked,checked,checked,,1,4bbbdf1b-6b39-4650-88b0-dd91c85e3dfb,Payout method linked,4698,,ADAS Calibrations: ❌,checked,checked,checked,checked,checked,checked,checked,checked,checked,checked,checked,checked,,,,,,,,checked,checked,https://app.fixlane.com/sign-up?book_now=tow&oem=vinfast&shop_id=771cbad7-3d4e-4037-b660-fcfceb60f5fb,"1797 Soscol Ave, Napa, CA 94559",Fully Operational,,,
Glendale Collision Center,Glendale Collision Center,925797d6-e412-47ce-a53a-65340e17eb3c,US810063,765453,,glendalecollision@sbcglobal.net,,Active,,,"4690 San Fernando Rd, Glendale, CA 91204",checked,12/10/25,checked,checked,checked,,checked,checked,checked,,1,2f0dd5ea-cdc5-4d09-93b0-88892f12ff61,Payout method linked,9819,,ADAS Calibrations: ❌,checked,checked,checked,checked,checked,checked,checked,checked,checked,checked,checked,checked,,,,,,,,checked,checked,https://app.fixlane.com/sign-up?book_now=tow&oem=vinfast&shop_id=925797d6-e412-47ce-a53a-65340e17eb3c,"4690 San Fernando Rd, Glendale, CA 91204",Fully Operational,,,
Multi Auto Group Inc ,Multi Auto Group INC,9bf05629-1ab2-45e6-a0a5-c03bd006b180,US810064,960177,,multiautogroupinc@gmail.com,,Active,,,"6161 Kester Ave, Van Nuys, CA 91411",checked,12/10/25,checked,checked,checked,,checked,checked,checked,,1,dcadb0ec-f691-42f0-8550-cd93ee69bb33,Payout method linked,5281,,ADAS Calibrations: ❌,checked,checked,checked,checked,checked,checked,checked,checked,checked,checked,checked,checked,,,,,,,,checked,checked,https://app.fixlane.com/sign-up?book_now=tow&oem=vinfast&shop_id=9bf05629-1ab2-45e6-a0a5-c03bd006b180,,Fully Operational,,,
Chestnut Automotive & Towing,Chestnut Automotive & Towing,cb93f4d7-a081-421e-a5e2-17080d093a97,US810041,130547,,chestnutautomotive@gmail.com,,Active,,,"160 Chestnut St, Unit B, Redwood City, CA 94063",checked,11/26/25,checked,checked,checked,,checked,checked,checked,,0,c7874192-6b79-40be-8a18-d8eaefac6165,Account created,,,ADAS Calibrations: ❌,checked,checked,checked,checked,checked,checked,checked,checked,checked,checked,checked,checked,,,,,,,,checked,checked,https://app.fixlane.com/sign-up?book_now=tow&oem=vinfast&shop_id=cb93f4d7-a081-421e-a5e2-17080d093a97,,Slow Operational,,,
Cali Current,Cali Current,cbbcc241-f468-4419-a980-2b75d7531bc7,US810067,451668,,CaliCurrent101@gmail.com,,Active,,,"171 N Altadena Dr Unit A, Pasadena, CA 91107",checked,12/17/25,checked,checked,checked,,checked,checked,,12/5/2025 12:02pm,0,5a627070-1042-462e-a070-837c9f2ba57b,Account created,,,ADAS Calibrations: ❌,checked,checked,checked,checked,checked,checked,checked,checked,checked,checked,checked,checked,,,,,,,,checked,checked,https://app.fixlane.com/sign-up?book_now=tow&oem=vinfast&shop_id=cbbcc241-f468-4419-a980-2b75d7531bc7,"171 N. Altadena Dr. Pasadena, CA 91107",PIP,,,
Midas Daly City,Midas Daly City,4fd8e25d-66c4-4522-8ce2-4f82c607e67f,US810032,001361,,midasofdalycity@gmail.com,RepairWise Account Setup and Training,Active,,10/6/25,"7198 Mission St, Daly City, CA 94014",,,checked,checked,checked,,checked,checked,checked,9/9/2025 4:14pm,1,3f9f6dca-891f-4171-a6ec-21b4d5b51e5f,Payout method linked,6519,,ADAS Calibrations: ❌,checked,checked,checked,,checked,checked,checked,checked,checked,checked,checked,checked,,,,,,,,checked,checked,https://app.fixlane.com/sign-up?book_now=tow&oem=vinfast&shop_id=4fd8e25d-66c4-4522-8ce2-4f82c607e67f,"7198 Mission St, Daly City, CA 94014",Fully Operational,,,
Midas Beverly hills,Midas Beverly Hills,ceb29e63-3dc3-4bd3-a896-e655fda8fdcd,US810035,001795,checked,midasbh@gmail.com,RepairWise Account Setup and Training,Active,,10/6/25,"8537 Wilshire Blvd, Beverly Hills, CA 90211",,,checked,checked,checked,,checked,,,9/19/2025 4:23pm,0,06fc4bf3-8d89-4c33-9a62-8b77d9754712,Account created,,,ADAS Calibrations: ❌,checked,checked,checked,checked,checked,checked,checked,checked,checked,checked,checked,checked,,,,,,,,checked,checked,https://app.fixlane.com/sign-up?book_now=tow&oem=vinfast&shop_id=ceb29e63-3dc3-4bd3-a896-e655fda8fdcd,"8537 Wilshire Blvd, Beverly Hills, CA 90211",PIP,,,
Midas Marina Del Rey,Midas Marina Del Rey,4f337dc5-ec3c-4f69-a5a6-50c3ee8b9c68,US810036,001771,checked,info@midasmarina.com,RepairWise Account Setup and Training,Active,,10/6/25,"13021 Washington Blvd, Los Angeles, CA 90066",,,checked,checked,checked,,checked,,,9/19/2025 4:23pm,0,27a02251-11a5-4ab5-9d38-f7ab7c91537e,Account created,,,ADAS Calibrations: ❌,checked,checked,checked,checked,checked,checked,checked,checked,checked,checked,checked,checked,,,,,,,,checked,checked,https://app.fixlane.com/sign-up?book_now=tow&oem=vinfast&shop_id=4f337dc5-ec3c-4f69-a5a6-50c3ee8b9c68,"13021 Washington Blvd, Los Angeles, CA 90066",Onboarding Paused,,,
Midas Dublin,Midas Dublin,d18d1755-aefc-474f-b563-db958b751c66,US810033,001132,,midasdublin@gmail.com,RepairWise Account Setup and Training,Active,,10/6/25,"6955 Village Pkwy, Dublin, CA 94568",,,checked,checked,checked,,checked,checked,checked,,1,1195b83e-6111-4b1d-9af6-f461716eb2a6,Payout method linked,2530,,ADAS Calibrations: ❌,checked,checked,checked,checked,checked,checked,checked,checked,checked,checked,checked,checked,,,,,,,,checked,checked,https://app.fixlane.com/sign-up?book_now=tow&oem=vinfast&shop_id=d18d1755-aefc-474f-b563-db958b751c66,"6955 Village Pkwy, Dublin, CA 94568",Fully Operational,,,
Prius and Tesla Service Center,Toyota and Tesla Service Center,96fcc29c-745d-47d6-bc98-18e5183a5532,US810034,002801,,service@priusandtesla.com,RepairWise Account Setup and Training,Active,,10/6/25,"3570 El Camino Real, Santa Clara, CA 95051",,,checked,checked,checked,,checked,checked,checked,,1,0cbcc51e-d36e-41a3-adef-22c0ab39ecbb,Payout method linked,7519,,ADAS Calibrations: ❌,checked,checked,checked,checked,checked,checked,checked,checked,checked,checked,checked,checked,,,,,,,,checked,checked,https://app.fixlane.com/sign-up?book_now=tow&oem=vinfast&shop_id=96fcc29c-745d-47d6-bc98-18e5183a5532,"3570 El Camino Real, Santa Clara, CA 95051",Onboarding,,,
Midas Corona,Midas Corona,cca60d56-c9cd-4dcf-aaae-b8dcff8f2e40,US810026,001136,, coronamidas2464@gmail.com,Ready for Website bookings,Active,,,"406 S LINCOLN AVE Corona, CA 92882",checked,9/18/25,checked,checked,checked,,checked,checked,checked,8/22/2025 10:40am,1,52794dee-9c10-4117-bb01-cb3abb418b07,Payout method linked,8282,,ADAS Calibrations: ❌,checked,checked,checked,checked,checked,checked,checked,checked,checked,checked,checked,checked,,,,,,,,checked,checked,https://app.fixlane.com/sign-up?book_now=tow&oem=vinfast&shop_id=cca60d56-c9cd-4dcf-aaae-b8dcff8f2e40,"406 S Lincoln Ave, Corona, CA 92882",Slow Operational,,,
Midas Huntington Beach,Midas Huntington Beach,54072ee1-2844-48d5-944a-6b1a43853114,US810024,002095,,huntingtonmidas@gmail.com,Ready for Website bookings,Active,,,"19301 Beach Blvd, Huntington Beach, CA 92648",checked,8/13/25,checked,checked,checked,checked,checked,checked,checked,,1,a4ffde32-f78d-4136-a107-42070fdb21cf,Payout method linked,9681,,ADAS Calibrations: ❌,checked,checked,checked,checked,checked,checked,checked,checked,checked,checked,checked,checked,,,,,,,,checked,checked,https://app.fixlane.com/sign-up?book_now=tow&oem=vinfast&shop_id=54072ee1-2844-48d5-944a-6b1a43853114,"19301 Beach Blvd, Huntington Beach, CA 92648",Terminated from VF,,,
Pazi Auto Center Inc.,Pazi Auto Center Inc.,50ea0e42-887a-4f00-a2a1-a673f1e4caaa,US810023,159951,,paziperformancedavid@gmail.com,Ready for Website bookings,Active,,,"110 W Ash Ave, Burbank, CA 91502",checked,8/13/25,checked,checked,checked,checked,checked,checked,checked,,1,a87cb042-b5fa-4222-b56f-747cce37051f,Payout method linked,8786,,ADAS Calibrations: ❌,checked,checked,checked,checked,checked,checked,checked,checked,checked,checked,checked,checked,,,,,,,,checked,checked,https://app.fixlane.com/sign-up?book_now=tow&oem=vinfast&shop_id=50ea0e42-887a-4f00-a2a1-a673f1e4caaa,"110 W Ash Ave, Burbank, CA 91502",Fully Operational,,,
Midas Lake Forest,Midas Lake Forest,9203ad4d-a9f9-46a8-9c28-981c558d8081,US810031,001566,checked,Midaslakeforest@hotmail.com,Ready for Website bookings,Active,,,"22752 Centre Dr, Lake Forest, CA 92630",checked,9/30/25,checked,checked,checked,,checked,checked,checked,10/2/2025 12:58pm,0,f762d5f9-e2a0-447c-9156-d3966acbfb91,Account created,,,ADAS Calibrations: ❌,checked,checked,checked,checked,checked,checked,checked,checked,checked,checked,checked,checked,,,,,,,,checked,checked,https://app.fixlane.com/sign-up?book_now=tow&oem=vinfast&shop_id=9203ad4d-a9f9-46a8-9c28-981c558d8081,"22752 Centre Dr, Lake Forest, CA 92630",Terminated from VF,,,
Venice Auto Services,Venice Auto Services,8150a6e0-09e4-4590-a560-a3f0f0c3701e,US810030,001911,,veniceautoservices@gmail.com,Ready for Website bookings,Active,,,"2499 Lincoln Blvd, Unit C, Venice, CA 90291",checked,9/30/25,checked,checked,checked,,checked,checked,checked,,1,27d8d19a-753c-4704-966a-01f63097fe4a,Payout method linked,1668,,ADAS Calibrations: ❌,checked,checked,checked,checked,checked,checked,checked,checked,checked,checked,checked,checked,,,,,,,,checked,checked,https://app.fixlane.com/sign-up?book_now=tow&oem=vinfast&shop_id=8150a6e0-09e4-4590-a560-a3f0f0c3701e,"2499 Lincoln Blvd, Unit C, Venice, CA 90291",Fully Operational,,,
EXCLUSIVE MOTORS,Exclusive Motors,baea611f-b843-4901-8874-9125e44fe52b,US810029,001628,,"gf@exclusivemotorsca.com, roman@exclusivemotors4u.com",Ready for Website bookings,Active,,,"11267 Venice Blvd., Los Angeles, CA 90066",checked,9/30/25,checked,checked,checked,,checked,checked,checked,,1,fcd87bc2-6d78-4412-9656-f8526a4cf320,Payout method linked,2414,,ADAS Calibrations: ❌,checked,checked,checked,checked,checked,checked,checked,checked,checked,checked,checked,checked,,,,,,,,checked,checked,https://app.fixlane.com/sign-up?book_now=tow&oem=vinfast&shop_id=baea611f-b843-4901-8874-9125e44fe52b,"11267 Venice Blvd., Los Angeles, CA 90066",Fully Operational,,,
Midas Long Beach,Midas Long Beach,c4774a92-dcbd-4c8c-b9e1-52b6e73e7156,US810028,001425,,midaslongbeach@hotmail.com,Ready for Website bookings,Active,,,"401 E Anaheim St, Long Beach, CA 90813",checked,9/30/25,checked,checked,checked,,checked,checked,checked,,0,a8fb2ab3-7eeb-4113-99d6-52c5cd093587,Account created,,,ADAS Calibrations: ❌,checked,checked,checked,checked,checked,checked,checked,checked,checked,checked,checked,checked,,,,,,,,checked,checked,https://app.fixlane.com/sign-up?book_now=tow&oem=vinfast&shop_id=c4774a92-dcbd-4c8c-b9e1-52b6e73e7156,"401 E Anaheim St, Long Beach, CA 90813",Terminated from VF,,,
TSL Auto Group,TSL Auto Group,d9fc31f5-6961-4cfd-9d3e-9276c6d308b5,US810009,345684,,said@platinumglendale.com,Onboarded,Active,,,"7401 Varna Ave, North Hollywood, CA, 91605",,,checked,checked,checked,,checked,checked,checked,,1,9bfb5c3d-ecff-47e8-aba3-f8f98a219e22,Payout method linked,9033,,ADAS Calibrations: ❌,checked,checked,checked,checked,checked,checked,checked,checked,checked,checked,checked,checked,,,,,,,,checked,checked,https://app.fixlane.com/sign-up?book_now=tow&oem=vinfast&shop_id=d9fc31f5-6961-4cfd-9d3e-9276c6d308b5,"7401 Varna Ave, North Hollywood, CA, 91605",Fully Operational,,,
Auburn Auto Services,Auburn Auto Services,fb7a363c-e6cd-423a-a071-11633ccfb49d,US810012,236575,,auburnautoservices@gmail.com,Onboarded,Active,,,"4631 Auburn Blvd Suite 1; Sacramento, CA 95841",,,checked,checked,checked,,checked,checked,checked,,1,47838fae-6334-49c3-a50a-940b16437bcc,Payout method linked,5733,,ADAS Calibrations: ❌,checked,checked,checked,checked,checked,checked,checked,checked,checked,checked,checked,checked,,,,,,,,checked,checked,https://app.fixlane.com/sign-up?book_now=tow&oem=vinfast&shop_id=fb7a363c-e6cd-423a-a071-11633ccfb49d,"4631 Auburn Blvd, Sacramento, CA 95841",PIP,,,
Superior Replacement Chino,Superior Replacement Chino,4adaea01-04a9-4fa0-977f-4b6231b725d0,US810019,917100,,superioradaschino@gmail.com,Onboarded,Active,,,"13745 Seminole Dr, Chino, CA 91710",,,checked,checked,checked,,checked,checked,checked,,1,0fc2c666-45c2-4b80-983c-2bc95f8439a3,Payout method linked,2597,checked,ADAS Calibrations: ✅,checked,checked,checked,checked,checked,checked,checked,checked,checked,checked,checked,checked,,,,,,,,checked,checked,https://app.fixlane.com/sign-up?book_now=tow&oem=vinfast&shop_id=4adaea01-04a9-4fa0-977f-4b6231b725d0,"13745 Seminole Dr, Chino, CA 91710",Fully Operational,,,
Superior Replacement Anaheim,Superior Replacement Anaheim,9ccbc7bf-e9e1-4ea1-849d-4ce9f7284e2a,US810015,222890,,superioranaheim@gmail.com,Onboarded,Active,,,"3921 E Miraloma Ave, Anaheim, CA 92806",,,checked,checked,checked,,checked,checked,checked,,1,8b4e7f91-0ccb-427a-9742-181d8fd48f86,Payout method linked,1159,checked,ADAS Calibrations: ✅,checked,checked,checked,checked,checked,checked,checked,checked,checked,checked,checked,checked,,,,,,,,checked,checked,https://app.fixlane.com/sign-up?book_now=tow&oem=vinfast&shop_id=9ccbc7bf-e9e1-4ea1-849d-4ce9f7284e2a,"3921 E Miraloma Ave, Anaheim, CA 92806",Fully Operational,,,
Ma's European Auto Service,Ma's European Auto Service,7842b861-c544-4241-9844-a3fcfa5e2a23,US810014,789456,,masautobody888@hotmail.com,Onboarded,Active,,,"2660 S El Camino Real, San Mateo, CA 94403",,,checked,checked,checked,,checked,checked,checked,,1,025d048d-05e3-4b89-9637-59e911f65496,Payout method linked,6839,,ADAS Calibrations: ❌,checked,checked,checked,checked,checked,checked,checked,checked,checked,checked,checked,checked,,,,,,,,checked,checked,https://app.fixlane.com/sign-up?book_now=tow&oem=vinfast&shop_id=7842b861-c544-4241-9844-a3fcfa5e2a23,"2660 S El Camino Real, San Mateo, CA 94403",Fully Operational,,,
Midas Monrovia,Midas Monrovia,18051319-fadd-4b4d-97fa-a54ecf96e8d5,US810020,789654,,midas13141302@gmail.com,Onboarded,Active,,,"1314 S Myrtle Ave, Monrovia, CA 91016",,,checked,checked,checked,,checked,checked,checked,,1,aeffba60-e4de-485c-8578-0ecd281a73b0,Payout method linked,2462,,ADAS Calibrations: ❌,checked,checked,checked,checked,checked,checked,checked,checked,checked,checked,checked,checked,,,,,,,,checked,checked,https://app.fixlane.com/sign-up?book_now=tow&oem=vinfast&shop_id=18051319-fadd-4b4d-97fa-a54ecf96e8d5,"1314 S Myrtle Ave, Monrovia, CA 91016",Terminated from VF,,,
L&M Automotive,L&M Automotive,1b72bfea-6b00-425b-a535-c3b7db85a93c,US810010,211345,,service@justdrivehappy.com,Onboarded,Active,,,"20622 Pascal Way Suite A, Lake Forest, CA 92630",,,checked,checked,checked,,checked,checked,checked,,1,714d802c-ce12-466f-bc76-019c5222e536,Payout method linked,6066,,ADAS Calibrations: ❌,checked,checked,checked,checked,checked,checked,checked,checked,checked,checked,checked,checked,,,,,,,,checked,checked,https://app.fixlane.com/sign-up?book_now=tow&oem=vinfast&shop_id=1b72bfea-6b00-425b-a535-c3b7db85a93c,"20622 Pascal Way Suite A Lake Forest, CA 92630",PIP,,,
Savy Auto Service,Savy Auto Service,e62fe29a-50a6-4df7-9936-8d595aef32e0,US810003,387569,,savyauto@gmail.com,Onboarded,Active,,,"12920 San Pablo Ave, Richmond, Ca 94805",,,checked,checked,checked,,checked,checked,checked,,1,c14dd7cc-7400-45aa-a894-78013037223d,Payout method linked,0171,checked,ADAS Calibrations: ✅,checked,checked,checked,checked,checked,checked,checked,checked,checked,checked,checked,checked,,,,,,,,checked,checked,https://app.fixlane.com/sign-up?book_now=tow&oem=vinfast&shop_id=e62fe29a-50a6-4df7-9936-8d595aef32e0,"12920 San Pablo Ave, Richmond, CA 94805",Fully Operational,,,
Epic Auto Repair,Epic Auto Repair,86b3b778-3dd7-454f-b222-7f909357af9a,US810004,457892,,allenswiftmotorsports@gmail.com,Onboarded,Active,,,"16860 Monterey Rd, Morgan Hill, Ca 95037",,,checked,checked,checked,,checked,checked,checked,,1,75f03b90-3ed5-4482-9f62-33c0748025fc,Payout method linked,6526,,ADAS Calibrations: ❌,checked,checked,checked,checked,checked,checked,checked,checked,checked,checked,checked,checked,,,,,,,,checked,checked,https://app.fixlane.com/sign-up?book_now=tow&oem=vinfast&shop_id=86b3b778-3dd7-454f-b222-7f909357af9a,"16860 Monterey Rd, Morgan Hill, CA 95037",Fully Operational,,,
MTY Auto Repair,MTY Auto Repair,cc60604c-8872-4792-8d3c-7a4bd9b2a276,US810013,653298,,mtyrepairwise@gmail.com,Onboarded,Active,,,"1415 Laurelwood Rd; Santa Clara, CA 95054",,,checked,checked,checked,,checked,checked,checked,,1,441de04f-89ad-4936-8bf0-56bbdff27a4f,Payout method linked,6405,,ADAS Calibrations: ❌,checked,checked,checked,checked,checked,checked,checked,checked,checked,checked,checked,checked,,,,,,,,checked,checked,https://app.fixlane.com/sign-up?book_now=tow&oem=vinfast&shop_id=cc60604c-8872-4792-8d3c-7a4bd9b2a276,"1415 Laurelwood Rd, Santa Clara, CA 95054",PIP,,,
Midas Norwalk ,Midas Norwalk,23da07c9-e71a-4e3b-a22b-42e5fee23406,US810018,906500,,midasnorwalk@gmail.com,Onboarded,Active,,,"11814 Rosecrans Ave, Norwalk, CA 90650",,,checked,checked,checked,,checked,checked,checked,,1,f18d4910-b604-463f-8a7b-8f74dc833430,Payout method linked,8332,,ADAS Calibrations: ❌,checked,checked,checked,checked,checked,checked,checked,checked,checked,checked,checked,checked,,,,,,,,checked,checked,https://app.fixlane.com/sign-up?book_now=tow&oem=vinfast&shop_id=23da07c9-e71a-4e3b-a22b-42e5fee23406,"11814 Rosecrans Ave, Norwalk, CA 90650",Fully Operational,,,
Konduit EV,Konduit EV,905cd311-347f-440a-bf00-73bedb935936,US810016,459558,,james@konduitev.com,Onboarded,Active,,,"1315 Hotspring Way, STE 102, Vista, CA 92081",,,checked,checked,checked,,checked,checked,checked,,1,e5c100db-291b-4916-aa6e-3b4d5e42d792,Payout method linked,8073,,ADAS Calibrations: ❌,checked,checked,checked,checked,checked,checked,checked,checked,checked,checked,checked,checked,,,,,,,,checked,checked,https://app.fixlane.com/sign-up?book_now=tow&oem=vinfast&shop_id=905cd311-347f-440a-bf00-73bedb935936,"1315 Hot Spring Way STE 102, Vista, CA 92081",Terminated from VF,,,
Empire Motorsports,Empire Motorsports,d59e6c50-8dd4-46f2-bc78-a874b8190efe,US810002,347621,,empiremotorsports95@gmail.com,Onboarded,Active,,,"1305 S Glendale Ave, Glendale Ca ",,,checked,checked,checked,,checked,checked,checked,,1,69465e95-1ba1-45b3-bf60-3205b6b48290,Payout method linked,1898,,ADAS Calibrations: ❌,checked,checked,checked,checked,checked,checked,checked,checked,checked,checked,checked,checked,,,,,,,,checked,checked,https://app.fixlane.com/sign-up?book_now=tow&oem=vinfast&shop_id=d59e6c50-8dd4-46f2-bc78-a874b8190efe,"1305 S Glendale Ave, Glendale, CA 91205",Fully Operational,,,
The Auto Crue Co,The Auto Crue Co.,84ac44f1-c13c-4853-9e8d-edecf2dc8f91,US810017,432888,,service@theautocrue.com,Onboarded,Active,,,"6040 Cerritos Ave, Cypress, CA 90630",,,checked,checked,checked,,checked,checked,checked,,1,a414d8ca-2c2a-45d3-aa3f-7b1d98cb694e,Payout method linked,4846,,ADAS Calibrations: ❌,checked,checked,checked,checked,checked,checked,checked,checked,checked,checked,checked,checked,,,,,,,,checked,checked,https://app.fixlane.com/sign-up?book_now=tow&oem=vinfast&shop_id=84ac44f1-c13c-4853-9e8d-edecf2dc8f91,,Fully Operational,,,
Executive Motorwerkz,Executive Motorwerkz,4581187d-62e1-451c-be5a-9c1c4426d339,US810001,289304,,service@executivemotorwerkz.com,Onboarded,Active,,,"4607 Manhattan Beach Blvd, Lawndale, CA 90260",,,checked,checked,checked,,checked,checked,checked,,1,a95a7886-90ae-43af-84fd-9d2c17595e87,Payout method linked,4175,,ADAS Calibrations: ❌,checked,checked,checked,checked,checked,checked,checked,checked,checked,checked,checked,checked,,,,,,,,checked,checked,https://app.fixlane.com/sign-up?book_now=tow&oem=vinfast&shop_id=4581187d-62e1-451c-be5a-9c1c4426d339,"4607 Manhattan Beach Blvd, Lawndale, CA 90260",PIP,,,
ABC Auto Care No Agreement Signed,,,,,,lee@abcautocare.com,,Archived,,,"4745 Market St, Ventura, CA 93003",,,,,,,,,,,,,No Routable account,,,ADAS Calibrations: ❌,,,,,,,,,,,,,,,,,,,,,,https://app.fixlane.com/sign-up?book_now=tow&oem=vinfast&shop_id=,,,,,
"Midas DTLA, BH, MDR Dupe",,,,,,mdiwani2010@gmail.com,,Archived,,,,,,,,,,,,,9/9/2025 8:57am,,,No Routable account,,,ADAS Calibrations: ❌,,,,,,,,,,,,,,,,,,,,,,https://app.fixlane.com/sign-up?book_now=tow&oem=vinfast&shop_id=,,,,,
Midas Roseville South  DUPE,,,,,,cbsevenfiftyk@gmail.com,,Archived,,,"212 Harding Blvd Ste x, Roseville, CA 95678",,,checked,,,,,,,11/12/2025 11:05am,,,No Routable account,,,ADAS Calibrations: ❌,,,checked,,,,,,,,,,,,,,,,,checked,checked,https://app.fixlane.com/sign-up?book_now=tow&oem=vinfast&shop_id=,,,,,
Midas Napa Dupe,,,,,,navneetsandhu1980@gmail.com,,Archived,,,,,,checked,,,,,,,11/12/2025 1:51pm,,,No Routable account,,,ADAS Calibrations: ❌,,,checked,,,,,,,,,,,,,,,,,checked,,https://app.fixlane.com/sign-up?book_now=tow&oem=vinfast&shop_id=,,,,,
Jungs Auto,Jungs Auto Restoration,f8ca9082-8821-4870-9417-e1a294f7fbc7,US810071,560948,,jungsauto@gmail.com,,Archived,,,"19649 E Walnut Dr S, Walnut, CA 91789",,,,,,,,,,,,,No Routable account,,,ADAS Calibrations: ❌,,,,,,,,,,,,,,,,,,,,,,https://app.fixlane.com/sign-up?book_now=tow&oem=vinfast&shop_id=f8ca9082-8821-4870-9417-e1a294f7fbc7,,,,,
Midas Bakersfield,Midas Bakersfield,ba6207bd-9896-4ac8-a547-1d64217c9b94,US810007,118439,,whitelanemidas@gmail.com,Onboarded,Deactivated,,,"6919 White Ln, Bakersfield, CA 93309",,,checked,checked,checked,,checked,checked,checked,,1,1e6edc6f-8604-4c01-ab16-248e4ebea2d9,Payout method linked,1983,,ADAS Calibrations: ❌,checked,checked,checked,checked,checked,checked,checked,checked,checked,checked,checked,checked,,,,,,,,checked,checked,https://app.fixlane.com/sign-up?book_now=tow&oem=vinfast&shop_id=ba6207bd-9896-4ac8-a547-1d64217c9b94,"6919 White Ln, Bakersfield, CA 93309",Terminated from VF,,,